unique_gene_callers_id	ko_id
Ramli-MAG.1577
Ramli-MAG.2482
Ramli-MAG.2657
Ramli-MAG.754
Ramli-MAG.2667
Ramli-MAG.2003
Ramli-MAG.2989
Ramli-MAG.1103	K02518
Ramli-MAG.3500	K02518
Ramli-MAG.2218
Ramli-MAG.1451
Ramli-MAG.412
Ramli-MAG.2612
Ramli-MAG.2613
Ramli-MAG.1059	K02028
Ramli-MAG.3132	K09972
Ramli-MAG.472	K10004
Ramli-MAG.2240	K01996
Ramli-MAG.366	K01996
Ramli-MAG.2549	K01996
Ramli-MAG.1687	K00252
Ramli-MAG.1452
Ramli-MAG.1572
Ramli-MAG.108
Ramli-MAG.3673
Ramli-MAG.1549
Ramli-MAG.316
Ramli-MAG.3739	K20034
Ramli-MAG.401	K20034
Ramli-MAG.1407	K00029
Ramli-MAG.484	K00029
Ramli-MAG.1987	K01685
Ramli-MAG.623
Ramli-MAG.1475
Ramli-MAG.2896	K02650
Ramli-MAG.2023	K02650
Ramli-MAG.2022	K02650
Ramli-MAG.2479	K00163
Ramli-MAG.1643	K00163
Ramli-MAG.305	K00053
Ramli-MAG.296	K04751
Ramli-MAG.1837	K04752
Ramli-MAG.3017	K02110
Ramli-MAG.3358	K02110
Ramli-MAG.86
Ramli-MAG.39	K01897
Ramli-MAG.3094
Ramli-MAG.661
Ramli-MAG.3758
Ramli-MAG.1020	K05816
Ramli-MAG.3677	K10112
Ramli-MAG.2631	K03549
Ramli-MAG.2818	K18139
Ramli-MAG.2819	K18138
Ramli-MAG.987	K00179
Ramli-MAG.2210
Ramli-MAG.177
Ramli-MAG.2157	K08738
Ramli-MAG.2796	K08738
Ramli-MAG.3659	K01626
Ramli-MAG.3155	K01626
Ramli-MAG.2935	K11719
Ramli-MAG.2934	K03270
Ramli-MAG.391	K00046
Ramli-MAG.601	K01420
Ramli-MAG.592	K01420
Ramli-MAG.1660	K07302
Ramli-MAG.2491	K07302
Ramli-MAG.2911	K21929
Ramli-MAG.1893	K21929
Ramli-MAG.2910	K21929
Ramli-MAG.731	K00140
Ramli-MAG.1955	K01703
Ramli-MAG.3386	K03704
Ramli-MAG.3498	K03704
Ramli-MAG.3716	K21393
Ramli-MAG.3483	K00135
Ramli-MAG.2892	K13529
Ramli-MAG.976	K02483
Ramli-MAG.2287	K07666
Ramli-MAG.1712	K16165
Ramli-MAG.2550
Ramli-MAG.3743
Ramli-MAG.3487
Ramli-MAG.3327	K01179
Ramli-MAG.782	K01179
Ramli-MAG.1760	K01179
Ramli-MAG.482
Ramli-MAG.394	K00626
Ramli-MAG.727
Ramli-MAG.3452
Ramli-MAG.571	K15512
Ramli-MAG.1971	K15512
Ramli-MAG.901	K01991
Ramli-MAG.786	K01991
Ramli-MAG.3314	K19591
Ramli-MAG.65	K06889
Ramli-MAG.3723	K00249
Ramli-MAG.2893	K01840
Ramli-MAG.2423
Ramli-MAG.1306	K01912
Ramli-MAG.796
Ramli-MAG.2542	K01999
Ramli-MAG.2340	K01999
Ramli-MAG.1478	K01999
Ramli-MAG.1225	K04090
Ramli-MAG.146	K04090
Ramli-MAG.3336
Ramli-MAG.2118	K03768
Ramli-MAG.810	K09699
Ramli-MAG.2034
Ramli-MAG.3004
Ramli-MAG.757	K01070
Ramli-MAG.1658
Ramli-MAG.158	K01429
Ramli-MAG.1941	K07667
Ramli-MAG.730	K00108
Ramli-MAG.658	K07107
Ramli-MAG.1646	K01491
Ramli-MAG.502
Ramli-MAG.1396	K03169
Ramli-MAG.3616	K15977
Ramli-MAG.1912
Ramli-MAG.2030
Ramli-MAG.2600
Ramli-MAG.255	K01524
Ramli-MAG.1952	K00240
Ramli-MAG.574	K01999
Ramli-MAG.1976	K01999
Ramli-MAG.3387	K00031
Ramli-MAG.90	K00457
Ramli-MAG.3116	K10220
Ramli-MAG.974	K11529
Ramli-MAG.2226
Ramli-MAG.3165	K00826
Ramli-MAG.1715
Ramli-MAG.1337	K03522
Ramli-MAG.1985	K18335
Ramli-MAG.801
Ramli-MAG.1894
Ramli-MAG.1980	K01996
Ramli-MAG.1593	K00249
Ramli-MAG.729	K07090
Ramli-MAG.2061	K05772
Ramli-MAG.742	K01061
Ramli-MAG.156	K01430
Ramli-MAG.758	K00121
Ramli-MAG.1635
Ramli-MAG.1484
Ramli-MAG.1264	K00123
Ramli-MAG.2740	K00681
Ramli-MAG.2239	K01995
Ramli-MAG.365	K01995
Ramli-MAG.1265	K22515
Ramli-MAG.3303	K03518
Ramli-MAG.3142
Ramli-MAG.1523	K02169
Ramli-MAG.3761	K02169
Ramli-MAG.2734	K08300
Ramli-MAG.1316
Ramli-MAG.162	K03189
Ramli-MAG.1714
Ramli-MAG.291	K07044
Ramli-MAG.1277
Ramli-MAG.2062	K06857
Ramli-MAG.3681
Ramli-MAG.1216
Ramli-MAG.741
Ramli-MAG.3290	K03559
Ramli-MAG.31	K03559
Ramli-MAG.1275	K01996
Ramli-MAG.1983
Ramli-MAG.324
Ramli-MAG.1824	K02510
Ramli-MAG.2429
Ramli-MAG.2982
Ramli-MAG.1213
Ramli-MAG.1844
Ramli-MAG.1050	K01433
Ramli-MAG.3147
Ramli-MAG.2533
Ramli-MAG.2590	K08083
Ramli-MAG.1309	K08083
Ramli-MAG.1702	K03821
Ramli-MAG.718	K02651
Ramli-MAG.717	K02651
Ramli-MAG.716	K02651
Ramli-MAG.254	K08296
Ramli-MAG.2822	K01759
Ramli-MAG.957
Ramli-MAG.1843	K01999
Ramli-MAG.1271	K01995
Ramli-MAG.440
Ramli-MAG.1745
Ramli-MAG.2656	K03781
Ramli-MAG.3208	K01690
Ramli-MAG.3718	K01690
Ramli-MAG.3291	K03561
Ramli-MAG.30	K03561
Ramli-MAG.1336	K03521
Ramli-MAG.808	K00166
Ramli-MAG.809	K00167
Ramli-MAG.2013	K00145
Ramli-MAG.159	K01428
Ramli-MAG.1911
Ramli-MAG.2422
Ramli-MAG.37	K00324
Ramli-MAG.832	K03286
Ramli-MAG.2045	K03286
Ramli-MAG.1104	K02919
Ramli-MAG.1856	K02970
Ramli-MAG.2726	K02911
Ramli-MAG.2925	K02914
Ramli-MAG.640	K03530
Ramli-MAG.1092	K02874
Ramli-MAG.2990	K02946
Ramli-MAG.2230	K02913
Ramli-MAG.2231	K02902
Ramli-MAG.619	K02963
Ramli-MAG.2721	K02078
Ramli-MAG.2995	K02965
Ramli-MAG.629	K03387
Ramli-MAG.377
Ramli-MAG.421
Ramli-MAG.3103
Ramli-MAG.2126	K00928
Ramli-MAG.369	K06867
Ramli-MAG.2622	K03561
Ramli-MAG.2881	K00674
Ramli-MAG.641	K07246
Ramli-MAG.2133
Ramli-MAG.3114	K19338
Ramli-MAG.2149	K01338
Ramli-MAG.1153
Ramli-MAG.1688
Ramli-MAG.3109	K01997
Ramli-MAG.2138	K01998
Ramli-MAG.896
Ramli-MAG.2329
Ramli-MAG.2940	K07002
Ramli-MAG.2541	K01997
Ramli-MAG.3044	K01142
Ramli-MAG.1322	K02238
Ramli-MAG.2370	K01129
Ramli-MAG.1755	K01733
Ramli-MAG.1752	K03636
Ramli-MAG.1325	K08305
Ramli-MAG.3363
Ramli-MAG.3117	K10218
Ramli-MAG.2000	K02867
Ramli-MAG.2024	K07263
Ramli-MAG.2540	K01998
Ramli-MAG.78	K02458
Ramli-MAG.3396	K09791
Ramli-MAG.1957	K01704
Ramli-MAG.2701	K00602
Ramli-MAG.3606	K02013
Ramli-MAG.922	K02004
Ramli-MAG.3009	K08483
Ramli-MAG.3318	K07053
Ramli-MAG.231	K00981
Ramli-MAG.3207	K07232
Ramli-MAG.3397	K00979
Ramli-MAG.2399
Ramli-MAG.1929	K06940
Ramli-MAG.3623
Ramli-MAG.2006
Ramli-MAG.834	K22292
Ramli-MAG.1928	K00611
Ramli-MAG.269	K03671
Ramli-MAG.3321
Ramli-MAG.420
Ramli-MAG.438	K07516
Ramli-MAG.2817
Ramli-MAG.2884	K07320
Ramli-MAG.2159	K01687
Ramli-MAG.863
Ramli-MAG.3323
Ramli-MAG.1305	K02614
Ramli-MAG.2354
Ramli-MAG.302	K03088
Ramli-MAG.879
Ramli-MAG.1318
Ramli-MAG.1075	K01087
Ramli-MAG.898
Ramli-MAG.98	K00655
Ramli-MAG.399	K01997
Ramli-MAG.1071	K16171
Ramli-MAG.1632	K00658
Ramli-MAG.3158	K08218
Ramli-MAG.3611
Ramli-MAG.1614
Ramli-MAG.1726	K01868
Ramli-MAG.2358	K01586
Ramli-MAG.1994	K03744
Ramli-MAG.1048	K00104
Ramli-MAG.92
Ramli-MAG.1554	K07091
Ramli-MAG.425	K02428
Ramli-MAG.2969
Ramli-MAG.934	K01515
Ramli-MAG.1008
Ramli-MAG.2380	K02067
Ramli-MAG.1922
Ramli-MAG.400	K01999
Ramli-MAG.893	K01689
Ramli-MAG.2071	K08738
Ramli-MAG.1023	K05813
Ramli-MAG.1667	K04044
Ramli-MAG.3760
Ramli-MAG.247
Ramli-MAG.138	K21345
Ramli-MAG.2375	K07491
Ramli-MAG.261	K02036
Ramli-MAG.2369	K01735
Ramli-MAG.1406	K01262
Ramli-MAG.535
Ramli-MAG.385	K00567
Ramli-MAG.4	K07140
Ramli-MAG.342
Ramli-MAG.2435
Ramli-MAG.2477	K04084
Ramli-MAG.2736	K07788
Ramli-MAG.2555	K09862
Ramli-MAG.3369	K08301
Ramli-MAG.1124
Ramli-MAG.883
Ramli-MAG.2125	K04075
Ramli-MAG.2403	K03118
Ramli-MAG.897	K04083
Ramli-MAG.1610	K04088
Ramli-MAG.1144	K02612
Ramli-MAG.848	K07088
Ramli-MAG.3360
Ramli-MAG.326	K01584
Ramli-MAG.2142	K02291
Ramli-MAG.602
Ramli-MAG.3507	K14161
Ramli-MAG.354	K01297
Ramli-MAG.350	K01951
Ramli-MAG.660
Ramli-MAG.2610	K00641
Ramli-MAG.2387	K00790
Ramli-MAG.2469	K01599
Ramli-MAG.3008	K11189
Ramli-MAG.3316	K07054
Ramli-MAG.3371	K00783
Ramli-MAG.1558	K14287
Ramli-MAG.998	K21053
Ramli-MAG.1141	K00297
Ramli-MAG.3135
Ramli-MAG.2229	K00507
Ramli-MAG.2641	K03673
Ramli-MAG.1107	K02986
Ramli-MAG.2015	K01902
Ramli-MAG.414
Ramli-MAG.1791
Ramli-MAG.73	K07397
Ramli-MAG.3609	K02016
Ramli-MAG.657
Ramli-MAG.3614	K06911
Ramli-MAG.1448	K03797
Ramli-MAG.3037	K03570
Ramli-MAG.617	K02314
Ramli-MAG.3402	K09983
Ramli-MAG.301
Ramli-MAG.3131
Ramli-MAG.967	K02860
Ramli-MAG.1031
Ramli-MAG.2642	K09774
Ramli-MAG.275
Ramli-MAG.3095	K12508
Ramli-MAG.3012	K03801
Ramli-MAG.1700	K00023
Ramli-MAG.105	K01673
Ramli-MAG.2483
Ramli-MAG.1435	K05896
Ramli-MAG.572	K15546
Ramli-MAG.935
Ramli-MAG.1126
Ramli-MAG.2395	K01814
Ramli-MAG.335	K09748
Ramli-MAG.2155
Ramli-MAG.1716
Ramli-MAG.1090	K00286
Ramli-MAG.1600	K02003
Ramli-MAG.2750
Ramli-MAG.1327
Ramli-MAG.15	K07137
Ramli-MAG.3663
Ramli-MAG.3762	K00605
Ramli-MAG.444	K05366
Ramli-MAG.1140	K06442
Ramli-MAG.1097	K02933
Ramli-MAG.375	K06980
Ramli-MAG.3628	K03925
Ramli-MAG.1157
Ramli-MAG.2406	K00097
Ramli-MAG.1539	K03089
Ramli-MAG.243	K01955
Ramli-MAG.3439
Ramli-MAG.3627	K03667
Ramli-MAG.3791
Ramli-MAG.2365	K02665
Ramli-MAG.2371
Ramli-MAG.3043	K00762
Ramli-MAG.2007	K00799
Ramli-MAG.2427
Ramli-MAG.174
Ramli-MAG.2379	K02066
Ramli-MAG.2864	K03769
Ramli-MAG.1727	K01637
Ramli-MAG.2203
Ramli-MAG.2121	K01883
Ramli-MAG.3157
Ramli-MAG.909	K18979
Ramli-MAG.2205
Ramli-MAG.1179	K08309
Ramli-MAG.2145
Ramli-MAG.2512	K02067
Ramli-MAG.1248	K03774
Ramli-MAG.230	K00806
Ramli-MAG.1430	K03593
Ramli-MAG.3362	K03641
Ramli-MAG.652	K06966
Ramli-MAG.2567	K08311
Ramli-MAG.227	K02357
Ramli-MAG.2401	K03116
Ramli-MAG.2609
Ramli-MAG.1464
Ramli-MAG.2933	K06041
Ramli-MAG.475	K03799
Ramli-MAG.3400	K01356
Ramli-MAG.938	K00341
Ramli-MAG.3650	K03832
Ramli-MAG.1731
Ramli-MAG.1273	K01998
Ramli-MAG.471	K10002
Ramli-MAG.3102	K09786
Ramli-MAG.1270	K01897
Ramli-MAG.3312	K07213
Ramli-MAG.1599	K03218
Ramli-MAG.3398	K00939
Ramli-MAG.3634	K01000
Ramli-MAG.2031	K02031
Ramli-MAG.2156	K01895
Ramli-MAG.1186	K04042
Ramli-MAG.2747	K15777
Ramli-MAG.135	K00799
Ramli-MAG.1178	K00799
Ramli-MAG.2644	K03092
Ramli-MAG.3649	K00014
Ramli-MAG.2409	K00412
Ramli-MAG.2587	K00101
Ramli-MAG.2890
Ramli-MAG.1606	K01939
Ramli-MAG.924
Ramli-MAG.1878	K01886
Ramli-MAG.1579
Ramli-MAG.1821	K01885
Ramli-MAG.1440	K00767
Ramli-MAG.2236	K07478
Ramli-MAG.2924	K02313
Ramli-MAG.2428
Ramli-MAG.1146	K02610
Ramli-MAG.3248
Ramli-MAG.1159
Ramli-MAG.1825
Ramli-MAG.638	K00344
Ramli-MAG.3298	K09386
Ramli-MAG.2583	K06879
Ramli-MAG.2517	K00525
Ramli-MAG.1317
Ramli-MAG.235	K06142
Ramli-MAG.2021
Ramli-MAG.279	K08307
Ramli-MAG.3
Ramli-MAG.423	K20074
Ramli-MAG.473	K01465
Ramli-MAG.2922	K02470
Ramli-MAG.3520	K00311
Ramli-MAG.387	K09456
Ramli-MAG.2415	K03070
Ramli-MAG.932	K06147
Ramli-MAG.1867
Ramli-MAG.2518	K03806
Ramli-MAG.1163	K03550
Ramli-MAG.1951	K00239
Ramli-MAG.2773
Ramli-MAG.2536
Ramli-MAG.1860	K03831
Ramli-MAG.2997	K02982
Ramli-MAG.1744	K19745
Ramli-MAG.3636	K03588
Ramli-MAG.3510	K03652
Ramli-MAG.2999	K02904
Ramli-MAG.1671	K04487
Ramli-MAG.2134	K01999
Ramli-MAG.140
Ramli-MAG.3036	K03571
Ramli-MAG.1936	K01681
Ramli-MAG.1966	K01817
Ramli-MAG.2729	K07056
Ramli-MAG.3631	K03587
Ramli-MAG.1323
Ramli-MAG.1720	K04764
Ramli-MAG.1790	K01895
Ramli-MAG.875	K01596
Ramli-MAG.833	K00568
Ramli-MAG.1319
Ramli-MAG.1713
Ramli-MAG.3789
Ramli-MAG.2238	K01998
Ramli-MAG.77	K02457
Ramli-MAG.2454	K01476
Ramli-MAG.621	K02990
Ramli-MAG.2070	K17225
Ramli-MAG.1121	K01640
Ramli-MAG.1993	K03500
Ramli-MAG.131	K06938
Ramli-MAG.2385	K01992
Ramli-MAG.739
Ramli-MAG.1439	K03517
Ramli-MAG.1268	K06182
Ramli-MAG.236	K02536
Ramli-MAG.1217	K01462
Ramli-MAG.745	K01698
Ramli-MAG.1119	K01968
Ramli-MAG.2895	K02527
Ramli-MAG.2448	K13574
Ramli-MAG.1988	K13574
Ramli-MAG.1453
Ramli-MAG.134	K01756
Ramli-MAG.1670	K04488
Ramli-MAG.1977	K01997
Ramli-MAG.2347	K00789
Ramli-MAG.1280	K00574
Ramli-MAG.3011	K03644
Ramli-MAG.3300
Ramli-MAG.1623	K06024
Ramli-MAG.82	K02462
Ramli-MAG.386
Ramli-MAG.34
Ramli-MAG.2660	K01657
Ramli-MAG.1169	K14058
Ramli-MAG.784	K03606
Ramli-MAG.995	K02058
Ramli-MAG.2557	K00859
Ramli-MAG.3046	K03656
Ramli-MAG.2140	K01772
Ramli-MAG.3392	K03601
Ramli-MAG.2012	K03565
Ramli-MAG.3384	K03694
Ramli-MAG.3006
Ramli-MAG.3047	K01358
Ramli-MAG.3390	K09005
Ramli-MAG.3764	K00281
Ramli-MAG.1351	K09954
Ramli-MAG.148	K11962
Ramli-MAG.2564	K03979
Ramli-MAG.2809	K11927
Ramli-MAG.3385	K06891
Ramli-MAG.1026
Ramli-MAG.3506	K14162
Ramli-MAG.142	K11711
Ramli-MAG.1249	K03630
Ramli-MAG.80	K02460
Ramli-MAG.2875	K03529
Ramli-MAG.1991
Ramli-MAG.2353	K07399
Ramli-MAG.587	K00384
Ramli-MAG.289	K00059
Ramli-MAG.1792
Ramli-MAG.2733	K06179
Ramli-MAG.647	K02356
Ramli-MAG.2498
Ramli-MAG.2222
Ramli-MAG.2749
Ramli-MAG.2485
Ramli-MAG.1927	K00821
Ramli-MAG.2206	K03424
Ramli-MAG.633	K07501
Ramli-MAG.2506	K01241
Ramli-MAG.1758
Ramli-MAG.3151
Ramli-MAG.3665	K02160
Ramli-MAG.956
Ramli-MAG.351	K07734
Ramli-MAG.1526	K02274
Ramli-MAG.3553
Ramli-MAG.1583	K01142
Ramli-MAG.355
Ramli-MAG.1117	K13766
Ramli-MAG.1120	K12972
Ramli-MAG.878	K01754
Ramli-MAG.1567	K02048
Ramli-MAG.1813
Ramli-MAG.1924	K02968
Ramli-MAG.10
Ramli-MAG.1218
Ramli-MAG.1527
Ramli-MAG.345	K09801
Ramli-MAG.2057	K01469
Ramli-MAG.253	K00937
Ramli-MAG.2730	K04773
Ramli-MAG.992	K02056
Ramli-MAG.2250	K03306
Ramli-MAG.2421	K03525
Ramli-MAG.1176	K00845
Ramli-MAG.942	K00337
Ramli-MAG.288	K03639
Ramli-MAG.258	K02040
Ramli-MAG.5	K06942
Ramli-MAG.3648	K03814
Ramli-MAG.911	K01448
Ramli-MAG.1096	K02994
Ramli-MAG.233	K11749
Ramli-MAG.2971	K02034
Ramli-MAG.3222	K13795
Ramli-MAG.3619	K01778
Ramli-MAG.2936
Ramli-MAG.1998	K02864
Ramli-MAG.872
Ramli-MAG.68	K01104
Ramli-MAG.2490	K15738
Ramli-MAG.2212	K00059
Ramli-MAG.632	K03215
Ramli-MAG.2617	K02806
Ramli-MAG.76	K02456
Ramli-MAG.133
Ramli-MAG.2488
Ramli-MAG.1257	K00124
Ramli-MAG.3508	K14160
Ramli-MAG.424	K00989
Ramli-MAG.2005	K03524
Ramli-MAG.239	K00748
Ramli-MAG.2513
Ramli-MAG.3657	K03568
Ramli-MAG.2360	K06202
Ramli-MAG.2994	K02886
Ramli-MAG.93	K06189
Ramli-MAG.127	K03637
Ramli-MAG.3143	K13288
Ramli-MAG.2146	K03545
Ramli-MAG.378	K01066
Ramli-MAG.1589	K03798
Ramli-MAG.459	K01897
Ramli-MAG.1944
Ramli-MAG.1160	K07560
Ramli-MAG.149	K11961
Ramli-MAG.951	K01803
Ramli-MAG.2685
Ramli-MAG.1154
Ramli-MAG.2209
Ramli-MAG.3317	K01304
Ramli-MAG.1310
Ramli-MAG.584	K00957
Ramli-MAG.1013
Ramli-MAG.1607	K02502
Ramli-MAG.1858	K03592
Ramli-MAG.933
Ramli-MAG.332	K13894
Ramli-MAG.3204	K00275
Ramli-MAG.814	K07738
Ramli-MAG.2033	K02033
Ramli-MAG.1446
Ramli-MAG.2011	K03553
Ramli-MAG.2461	K02669
Ramli-MAG.2362	K02662
Ramli-MAG.1053
Ramli-MAG.964
Ramli-MAG.339	K03177
Ramli-MAG.881	K00548
Ramli-MAG.2405
Ramli-MAG.918	K00791
Ramli-MAG.1101	K02876
Ramli-MAG.3198
Ramli-MAG.968	K00554
Ramli-MAG.2446	K05501
Ramli-MAG.876
Ramli-MAG.1947	K00024
Ramli-MAG.3376
Ramli-MAG.340	K06207
Ramli-MAG.2708
Ramli-MAG.634	K03087
Ramli-MAG.3032
Ramli-MAG.2565	K00931
Ramli-MAG.2201	K09810
Ramli-MAG.3105	K03863
Ramli-MAG.946	K00333
Ramli-MAG.272	K02343
Ramli-MAG.2489
Ramli-MAG.2575	K01338
Ramli-MAG.2350
Ramli-MAG.260	K02038
Ramli-MAG.2344
Ramli-MAG.3359	K22132
Ramli-MAG.2718	K03088
Ramli-MAG.2074	K17222
Ramli-MAG.311	K00684
Ramli-MAG.2628	K02340
Ramli-MAG.753	K02355
Ramli-MAG.1109	K02879
Ramli-MAG.3311	K01525
Ramli-MAG.3146	K06949
Ramli-MAG.1990
Ramli-MAG.396	K01996
Ramli-MAG.3014	K00824
Ramli-MAG.2775	K02433
Ramli-MAG.2872	K01462
Ramli-MAG.937	K00342
Ramli-MAG.1820	K10764
Ramli-MAG.3096	K20036
Ramli-MAG.29
Ramli-MAG.1602	K06917
Ramli-MAG.2383	K07122
Ramli-MAG.1331
Ramli-MAG.829	K03562
Ramli-MAG.3724	K09709
Ramli-MAG.1916
Ramli-MAG.3342	K06182
Ramli-MAG.2712
Ramli-MAG.1100	K02907
Ramli-MAG.3161
Ramli-MAG.2972	K02035
Ramli-MAG.515	K03719
Ramli-MAG.1611	K03665
Ramli-MAG.2389	K00013
Ramli-MAG.3375	K01945
Ramli-MAG.728
Ramli-MAG.2412	K03600
Ramli-MAG.460	K01996
Ramli-MAG.1470
Ramli-MAG.109	K09858
Ramli-MAG.290	K00128
Ramli-MAG.3035	K05515
Ramli-MAG.1284	K01081
Ramli-MAG.1828	K01775
Ramli-MAG.1106	K02948
Ramli-MAG.3766
Ramli-MAG.2883	K01439
Ramli-MAG.2167
Ramli-MAG.2166
Ramli-MAG.1829
Ramli-MAG.1102	K03076
Ramli-MAG.3481	K03439
Ramli-MAG.1400
Ramli-MAG.1949	K00241
Ramli-MAG.2767	K00951
Ramli-MAG.1466	K01495
Ramli-MAG.2923	K02338
Ramli-MAG.1874
Ramli-MAG.1339	K00459
Ramli-MAG.3771	K01740
Ramli-MAG.3399	K01424
Ramli-MAG.2880	K14267
Ramli-MAG.1441
Ramli-MAG.1862	K01092
Ramli-MAG.828	K07107
Ramli-MAG.2715	K04771
Ramli-MAG.3832	K07175
Ramli-MAG.1857	K09117
Ramli-MAG.3446	K01432
Ramli-MAG.3774
Ramli-MAG.642
Ramli-MAG.2601
Ramli-MAG.2211
Ramli-MAG.1842	K00548
Ramli-MAG.2650	K00946
Ramli-MAG.1967	K01696
Ramli-MAG.1125	K06938
Ramli-MAG.618	K02939
Ramli-MAG.3407	K10914
Ramli-MAG.2870	K01265
Ramli-MAG.827
Ramli-MAG.869	K00285
Ramli-MAG.281
Ramli-MAG.1215	K00604
Ramli-MAG.2891	K00567
Ramli-MAG.1551
Ramli-MAG.2716	K03598
Ramli-MAG.1849	K15578
Ramli-MAG.1447	K01834
Ramli-MAG.1356
Ramli-MAG.3167
Ramli-MAG.3612	K09888
Ramli-MAG.1756	K00003
Ramli-MAG.379	K00043
Ramli-MAG.666
Ramli-MAG.2738
Ramli-MAG.2768
Ramli-MAG.2055	K03274
Ramli-MAG.1222	K03074
Ramli-MAG.2163	K18661
Ramli-MAG.2986	K04079
Ramli-MAG.160	K03187
Ramli-MAG.3097	K07045
Ramli-MAG.940	K00339
Ramli-MAG.59
Ramli-MAG.3341	K15034
Ramli-MAG.1650	K00254
Ramli-MAG.862	K01907
Ramli-MAG.1004	K07462
Ramli-MAG.2343	K01971
Ramli-MAG.3156	K01591
Ramli-MAG.948	K00331
Ramli-MAG.1564	K02045
Ramli-MAG.107	K00626
Ramli-MAG.1915	K00970
Ramli-MAG.91	K03719
Ramli-MAG.1303	K01692
Ramli-MAG.3635	K01925
Ramli-MAG.3309	K03699
Ramli-MAG.1201
Ramli-MAG.1560	K03578
Ramli-MAG.2928	K03217
Ramli-MAG.2116	K09933
Ramli-MAG.3403	K00058
Ramli-MAG.2117	K03269
Ramli-MAG.1533
Ramli-MAG.2647	K03743
Ramli-MAG.2366	K02666
Ramli-MAG.2722	K00059
Ramli-MAG.1524
Ramli-MAG.2562	K02888
Ramli-MAG.1826	K00077
Ramli-MAG.3152
Ramli-MAG.2002	K03073
Ramli-MAG.2368	K00891
Ramli-MAG.2689	K02825
Ramli-MAG.2589	K08082
Ramli-MAG.1086	K03655
Ramli-MAG.2346
Ramli-MAG.2361	K05366
Ramli-MAG.1051
Ramli-MAG.1536	K07152
Ramli-MAG.1721	K01890
Ramli-MAG.2812	K00883
Ramli-MAG.2762	K07638
Ramli-MAG.2054	K21344
Ramli-MAG.2199
Ramli-MAG.147	K11963
Ramli-MAG.334	K13896
Ramli-MAG.3621	K03733
Ramli-MAG.292	K15987
Ramli-MAG.1992
Ramli-MAG.2102
Ramli-MAG.3001
Ramli-MAG.3783	K07712
Ramli-MAG.2017	K12132
Ramli-MAG.1346	K03687
Ramli-MAG.456
Ramli-MAG.2292	K02018
Ramli-MAG.242	K01956
Ramli-MAG.645
Ramli-MAG.2621	K00215
Ramli-MAG.2322	K22130
Ramli-MAG.2900
Ramli-MAG.1040	K07566
Ramli-MAG.636	K00573
Ramli-MAG.2468	K04066
Ramli-MAG.3671	K00795
Ramli-MAG.1255	K00127
Ramli-MAG.1666	K04755
Ramli-MAG.2703	K05540
Ramli-MAG.1465
Ramli-MAG.1626	K03722
Ramli-MAG.824	K14652
Ramli-MAG.2764
Ramli-MAG.583	K00390
Ramli-MAG.747
Ramli-MAG.1278
Ramli-MAG.2432
Ramli-MAG.268	K03628
Ramli-MAG.3678
Ramli-MAG.1785	K01256
Ramli-MAG.1729
Ramli-MAG.2394	K02501
Ramli-MAG.1871
Ramli-MAG.61	K01011
Ramli-MAG.3171	K00151
Ramli-MAG.317
Ramli-MAG.1272	K01997
Ramli-MAG.1548	K03110
Ramli-MAG.3274	K06175
Ramli-MAG.941	K00338
Ramli-MAG.3792	K06183
Ramli-MAG.2615
Ramli-MAG.344
Ramli-MAG.2388	K00765
Ramli-MAG.151	K11959
Ramli-MAG.798
Ramli-MAG.3655	K05837
Ramli-MAG.1070
Ramli-MAG.1175
Ramli-MAG.3577
Ramli-MAG.441
Ramli-MAG.2996	K02890
Ramli-MAG.1655	K22209
Ramli-MAG.1683	K01966
Ramli-MAG.333	K13895
Ramli-MAG.2927	K08998
Ramli-MAG.3770
Ramli-MAG.110
Ramli-MAG.1010	K00963
Ramli-MAG.3622	K06969
Ramli-MAG.2076	K17224
Ramli-MAG.1039	K01589
Ramli-MAG.1749
Ramli-MAG.3479	K06955
Ramli-MAG.2039	K00919
Ramli-MAG.1563	K03611
Ramli-MAG.241	K03437
Ramli-MAG.2616	K05808
Ramli-MAG.2861	K07305
Ramli-MAG.2552	K00620
Ramli-MAG.1639
Ramli-MAG.468	K21645
Ramli-MAG.1617	K03526
Ramli-MAG.308	K07262
Ramli-MAG.3022	K02112
Ramli-MAG.3406
Ramli-MAG.1556
Ramli-MAG.2700	K01845
Ramli-MAG.1802	K09767
Ramli-MAG.1324
Ramli-MAG.1822	K01826
Ramli-MAG.2704
Ramli-MAG.1586
Ramli-MAG.899
Ramli-MAG.1279
Ramli-MAG.1014	K05712
Ramli-MAG.1274	K01999
Ramli-MAG.1905
Ramli-MAG.3301	K03519
Ramli-MAG.2443	K00930
Ramli-MAG.416	K01139
Ramli-MAG.1703
Ramli-MAG.2225
Ramli-MAG.152
Ramli-MAG.395	K07516
Ramli-MAG.2585
Ramli-MAG.1276	K01912
Ramli-MAG.2408	K00411
Ramli-MAG.1409
Ramli-MAG.35	K07098
Ramli-MAG.1534	K02259
Ramli-MAG.2932	K03455
Ramli-MAG.2619	K03711
Ramli-MAG.2426
Ramli-MAG.2384	K01990
Ramli-MAG.3315
Ramli-MAG.466	K06147
Ramli-MAG.3641	K03590
Ramli-MAG.1926
Ramli-MAG.1932	K01556
Ramli-MAG.81	K02461
Ramli-MAG.1851	K00363
Ramli-MAG.341
Ramli-MAG.3767
Ramli-MAG.2075	K17223
Ramli-MAG.873
Ramli-MAG.1181
Ramli-MAG.750	K07258
Ramli-MAG.3104	K00549
Ramli-MAG.604
Ramli-MAG.1719
Ramli-MAG.1953	K09159
Ramli-MAG.1625	K05807
Ramli-MAG.3515	K01607
Ramli-MAG.1180
Ramli-MAG.1984	K21883
Ramli-MAG.1769
Ramli-MAG.1948	K03710
Ramli-MAG.2137	K01997
Ramli-MAG.2123	K01962
Ramli-MAG.51
Ramli-MAG.3334
Ramli-MAG.1115	K01969
Ramli-MAG.2651	K06048
Ramli-MAG.1641
Ramli-MAG.3640	K03589
Ramli-MAG.1434	K00278
Ramli-MAG.1138
Ramli-MAG.3670	K03602
Ramli-MAG.2050	K02945
Ramli-MAG.1647	K01414
Ramli-MAG.3754
Ramli-MAG.1652
Ramli-MAG.470	K10003
Ramli-MAG.72	K06134
Ramli-MAG.1831	K00432
Ramli-MAG.1529
Ramli-MAG.2531	K06016
Ramli-MAG.1622	K06178
Ramli-MAG.2916
Ramli-MAG.1001	K01494
Ramli-MAG.1603
Ramli-MAG.2410	K00413
Ramli-MAG.266
Ramli-MAG.1868
Ramli-MAG.894	K05589
Ramli-MAG.3651	K01147
Ramli-MAG.38	K00325
Ramli-MAG.1187
Ramli-MAG.823	K00793
Ramli-MAG.2687	K01465
Ramli-MAG.3620	K09921
Ramli-MAG.263	K07657
Ramli-MAG.2243	K00523
Ramli-MAG.2348	K02517
Ramli-MAG.382	K06959
Ramli-MAG.310	K21420
Ramli-MAG.325
Ramli-MAG.2983	K03772
Ramli-MAG.248	K02427
Ramli-MAG.3018	K02109
Ramli-MAG.2132	K04762
Ramli-MAG.229	K02838
Ramli-MAG.2467	K07056
Ramli-MAG.920	K01754
Ramli-MAG.788
Ramli-MAG.2970	K02031
Ramli-MAG.3299	K07161
Ramli-MAG.1203
Ramli-MAG.1863
Ramli-MAG.2998	K02878
Ramli-MAG.1634	K01908
Ramli-MAG.1597	K07240
Ramli-MAG.2942
Ramli-MAG.276	K02051
Ramli-MAG.3113
Ramli-MAG.306	K17103
Ramli-MAG.2504	K09695
Ramli-MAG.3391	K04564
Ramli-MAG.1304	K15866
Ramli-MAG.2914	K03608
Ramli-MAG.1046	K21929
Ramli-MAG.2735	K07799
Ramli-MAG.2115
Ramli-MAG.990	K13482
Ramli-MAG.1979	K01995
Ramli-MAG.1746	K03695
Ramli-MAG.422
Ramli-MAG.2658	K01091
Ramli-MAG.2507
Ramli-MAG.1155	K15724
Ramli-MAG.3732
Ramli-MAG.644	K03703
Ramli-MAG.1064	K00822
Ramli-MAG.3021	K02115
Ramli-MAG.3180	K06920
Ramli-MAG.540	K06920
Ramli-MAG.273	K09747
Ramli-MAG.2707
Ramli-MAG.1093	K02895
Ramli-MAG.2643	K06861
Ramli-MAG.2220	K01870
Ramli-MAG.1329
Ramli-MAG.2691	K07735
Ramli-MAG.637	K03787
Ramli-MAG.3393	K03561
Ramli-MAG.2020
Ramli-MAG.297	K06966
Ramli-MAG.1282	K08295
Ramli-MAG.1024
Ramli-MAG.1174
Ramli-MAG.2766
Ramli-MAG.139	K00982
Ramli-MAG.1233
Ramli-MAG.2067
Ramli-MAG.2089	K00666
Ramli-MAG.880	K03654
Ramli-MAG.88
Ramli-MAG.2219	K03101
Ramli-MAG.807
Ramli-MAG.2569
Ramli-MAG.1657	K07246
Ramli-MAG.3753
Ramli-MAG.2028	K02433
Ramli-MAG.2538	K00856
Ramli-MAG.2662	K01620
Ramli-MAG.2623	K03560
Ramli-MAG.1456
Ramli-MAG.1816	K11754
Ramli-MAG.265	K03327
Ramli-MAG.910	K06925
Ramli-MAG.1087	K04761
Ramli-MAG.1043	K07259
Ramli-MAG.2505	K01613
Ramli-MAG.1938
Ramli-MAG.2559	K02653
Ramli-MAG.3785
Ramli-MAG.3040	K02433
Ramli-MAG.1724	K02916
Ramli-MAG.1098	K02881
Ramli-MAG.953	K00962
Ramli-MAG.2544	K01995
Ramli-MAG.2392	K00817
Ramli-MAG.106	K00906
Ramli-MAG.437
Ramli-MAG.3642	K03531
Ramli-MAG.891	K01627
Ramli-MAG.635	K06194
Ramli-MAG.2170	K07146
Ramli-MAG.1000	K01487
Ramli-MAG.2503	K09694
Ramli-MAG.1704	K05810
Ramli-MAG.2060
Ramli-MAG.735	K02066
Ramli-MAG.949	K00330
Ramli-MAG.1689
Ramli-MAG.1009
Ramli-MAG.2511	K02066
Ramli-MAG.3779	K01142
Ramli-MAG.2579	K02492
Ramli-MAG.3302	K03520
Ramli-MAG.3194
Ramli-MAG.298	K00901
Ramli-MAG.3101	K07180
Ramli-MAG.2720	K09458
Ramli-MAG.2765	K00019
Ramli-MAG.40	K01243
Ramli-MAG.2136	K01996
Ramli-MAG.3002
Ramli-MAG.2101
Ramli-MAG.960	K03474
Ramli-MAG.2001	K02601
Ramli-MAG.3115	K02020
Ramli-MAG.2646
Ramli-MAG.1684	K07588
Ramli-MAG.102
Ramli-MAG.3199	K07304
Ramli-MAG.397	K01995
Ramli-MAG.1032	K00927
Ramli-MAG.2561	K02523
Ramli-MAG.1223	K03072
Ramli-MAG.907
Ramli-MAG.1269
Ramli-MAG.129	K08972
Ramli-MAG.3164
Ramli-MAG.2727	K07040
Ramli-MAG.1261
Ramli-MAG.2744	K03672
Ramli-MAG.952	K00344
Ramli-MAG.1705
Ramli-MAG.331	K13893
Ramli-MAG.1338	K20035
Ramli-MAG.2588	K01755
Ramli-MAG.1876
Ramli-MAG.2147	K01358
Ramli-MAG.1
Ramli-MAG.2120
Ramli-MAG.1852	K00372
Ramli-MAG.2926	K03536
Ramli-MAG.3377
Ramli-MAG.3319
Ramli-MAG.2929	K03650
Ramli-MAG.3129	K02316
Ramli-MAG.2813	K01631
Ramli-MAG.1188	K00820
Ramli-MAG.2636
Ramli-MAG.2058
Ramli-MAG.338	K02834
Ramli-MAG.2551
Ramli-MAG.252	K03431
Ramli-MAG.74	K01754
Ramli-MAG.1431	K01874
Ramli-MAG.3111	K01995
Ramli-MAG.989
Ramli-MAG.2608	K07240
Ramli-MAG.1630	K06916
Ramli-MAG.3000	K02961
Ramli-MAG.916	K03975
Ramli-MAG.381
Ramli-MAG.1256
Ramli-MAG.3020	K02111
Ramli-MAG.1616	K01892
Ramli-MAG.3624	K06204
Ramli-MAG.1068
Ramli-MAG.1975
Ramli-MAG.906	K04763
Ramli-MAG.1314	K02496
Ramli-MAG.1997	K02935
Ramli-MAG.2351	K03978
Ramli-MAG.1326	K22452
Ramli-MAG.736	K02065
Ramli-MAG.1022	K05814
Ramli-MAG.417	K03060
Ramli-MAG.128
Ramli-MAG.2713	K03100
Ramli-MAG.2973
Ramli-MAG.1224	K03210
Ramli-MAG.3680	K05773
Ramli-MAG.3108	K01999
Ramli-MAG.1343
Ramli-MAG.1049
Ramli-MAG.2941	K03496
Ramli-MAG.137
Ramli-MAG.1817	K03749
Ramli-MAG.3440
Ramli-MAG.2563	K02899
Ramli-MAG.1986
Ramli-MAG.1815
Ramli-MAG.950	K03075
Ramli-MAG.1565	K02047
Ramli-MAG.228	K09903
Ramli-MAG.1865	K03555
Ramli-MAG.2663
Ramli-MAG.1198
Ramli-MAG.2597	K09761
Ramli-MAG.2144
Ramli-MAG.1931	K07130
Ramli-MAG.3513	K01028
Ramli-MAG.2974	K02033
Ramli-MAG.2814
Ramli-MAG.2207
Ramli-MAG.2364	K02664
Ramli-MAG.3322	K01867
Ramli-MAG.299
Ramli-MAG.3162
Ramli-MAG.3033	K07019
Ramli-MAG.2633
Ramli-MAG.2653	K06195
Ramli-MAG.2202	K07114
Ramli-MAG.2666	K03648
Ramli-MAG.1557	K13634
Ramli-MAG.813	K00600
Ramli-MAG.240	K03470
Ramli-MAG.2244
Ramli-MAG.2216	K00344
Ramli-MAG.3576
Ramli-MAG.806
Ramli-MAG.83	K02463
Ramli-MAG.667	K03701
Ramli-MAG.2545	K11942
Ramli-MAG.3787
Ramli-MAG.1631	K00382
Ramli-MAG.2234	K03466
Ramli-MAG.746	K08973
Ramli-MAG.1445	K03676
Ramli-MAG.1569	K00481
Ramli-MAG.3629	K03438
Ramli-MAG.3775
Ramli-MAG.2625	K03643
Ramli-MAG.436
Ramli-MAG.888	K01520
Ramli-MAG.1786	K02836
Ramli-MAG.2068
Ramli-MAG.2010
Ramli-MAG.3372	K09710
Ramli-MAG.1733	K01652
Ramli-MAG.581	K00381
Ramli-MAG.1530	K02276
Ramli-MAG.3645	K01159
Ramli-MAG.2808
Ramli-MAG.2543	K01996
Ramli-MAG.1161	K07042
Ramli-MAG.1150	K07115
Ramli-MAG.2723	K00645
Ramli-MAG.2743
Ramli-MAG.1686
Ramli-MAG.2724	K00648
Ramli-MAG.2233	K10914
Ramli-MAG.2516	K00526
Ramli-MAG.249	K03798
Ramli-MAG.2249	K07220
Ramli-MAG.2396	K02500
Ramli-MAG.2462	K02670
Ramli-MAG.1645
Ramli-MAG.1021	K05815
Ramli-MAG.1035	K01923
Ramli-MAG.1034	K01624
Ramli-MAG.1866	K07395
Ramli-MAG.2097
Ramli-MAG.2553	K06923
Ramli-MAG.1722	K01889
Ramli-MAG.1958	K00052
Ramli-MAG.1996	K03043
Ramli-MAG.267	K02909
Ramli-MAG.2894	K02841
Ramli-MAG.1968	K01695
Ramli-MAG.1570
Ramli-MAG.2036	K01056
Ramli-MAG.2465	K03271
Ramli-MAG.3366	K11085
Ramli-MAG.3540
Ramli-MAG.1073	K00697
Ramli-MAG.2581	K00472
Ramli-MAG.1315	K02498
Ramli-MAG.1571
Ramli-MAG.2523	K03106
Ramli-MAG.744
Ramli-MAG.2025	K07263
Ramli-MAG.336	K02600
Ramli-MAG.1501	K03631
Ramli-MAG.653
Ramli-MAG.1681	K01759
Ramli-MAG.1642	K00627
Ramli-MAG.3501
Ramli-MAG.457
Ramli-MAG.3038	K03569
Ramli-MAG.986	K00180
Ramli-MAG.752	K02992
Ramli-MAG.2645	K07444
Ramli-MAG.3320
Ramli-MAG.1901
Ramli-MAG.885	K03775
Ramli-MAG.2321	K21948
Ramli-MAG.2204	K03924
Ramli-MAG.1091	K00111
Ramli-MAG.3776	K00560
Ramli-MAG.1937	K00831
Ramli-MAG.765
Ramli-MAG.2139
Ramli-MAG.1725	K02520
Ramli-MAG.2874
Ramli-MAG.1251	K06886
Ramli-MAG.1555	K11720
Ramli-MAG.2208	K02454
Ramli-MAG.1089	K03179
Ramli-MAG.1459
Ramli-MAG.793
Ramli-MAG.2397	K01496
Ramli-MAG.1845	K01409
Ramli-MAG.620	K02686
Ramli-MAG.1812	K03088
Ramli-MAG.1078	K09796
Ramli-MAG.2755	K01113
Ramli-MAG.2885	K06158
Ramli-MAG.1552	K02339
Ramli-MAG.1972	K15513
Ramli-MAG.3028
Ramli-MAG.2556	K18778
Ramli-MAG.3049	K01821
Ramli-MAG.2632	K01920
Ramli-MAG.2484
Ramli-MAG.2594	K03771
Ramli-MAG.2026
Ramli-MAG.3016	K02108
Ramli-MAG.2411	K03599
Ramli-MAG.2008	K07649
Ramli-MAG.2056
Ramli-MAG.859	K00798
Ramli-MAG.3752
Ramli-MAG.1045	K03789
Ramli-MAG.919	K02003
Ramli-MAG.1585
Ramli-MAG.144	K08304
Ramli-MAG.1784	K03841
Ramli-MAG.2499
Ramli-MAG.1500	K02454
Ramli-MAG.1085	K07568
Ramli-MAG.936	K00343
Ramli-MAG.2697	K02657
Ramli-MAG.1550	K01999
Ramli-MAG.2593	K02528
Ramli-MAG.3193	K12340
Ramli-MAG.304	K01653
Ramli-MAG.890	K01937
Ramli-MAG.2702	K03557
Ramli-MAG.3632	K01928
Ramli-MAG.1177	K00974
Ramli-MAG.2877	K17103
Ramli-MAG.1835	K14274
Ramli-MAG.1933	K00453
Ramli-MAG.2530
Ramli-MAG.1541	K01008
Ramli-MAG.2737	K07789
Ramli-MAG.963
Ramli-MAG.2425
Ramli-MAG.1900	K06999
Ramli-MAG.3438	K01876
Ramli-MAG.2732	K01091
Ramli-MAG.1030	K03688
Ramli-MAG.1427	K00973
Ramli-MAG.3725
Ramli-MAG.2897	K03501
Ramli-MAG.3144	K06013
Ramli-MAG.3679
Ramli-MAG.2495
Ramli-MAG.2699	K00941
Ramli-MAG.2460	K06997
Ramli-MAG.2381	K04754
Ramli-MAG.469	K10001
Ramli-MAG.1757	K14260
Ramli-MAG.2463	K00020
Ramli-MAG.639	K03770
Ramli-MAG.2967	K00036
Ramli-MAG.2918	K03717
Ramli-MAG.1568	K02624
Ramli-MAG.3664
Ramli-MAG.3482	K01872
Ramli-MAG.2598
Ramli-MAG.2759	K03723
Ramli-MAG.3031
Ramli-MAG.3120	K10221
Ramli-MAG.970
Ramli-MAG.1246	K01754
Ramli-MAG.2456
Ramli-MAG.3019	K02113
Ramli-MAG.2696	K02658
Ramli-MAG.3223	K13796
Ramli-MAG.2664	K00766
Ramli-MAG.374	K07082
Ramli-MAG.743	K00799
Ramli-MAG.2683	K03554
Ramli-MAG.259	K02037
Ramli-MAG.3313	K17686
Ramli-MAG.3733	K02204
Ramli-MAG.3772
Ramli-MAG.3023	K02114
Ramli-MAG.1656
Ramli-MAG.3123	K10219
Ramli-MAG.3661	K02558
Ramli-MAG.2086
Ramli-MAG.1147	K02609
Ramli-MAG.287	K03752
Ramli-MAG.1531
Ramli-MAG.3394	K03559
Ramli-MAG.2739	K10773
Ramli-MAG.2820	K03585
Ramli-MAG.905
Ramli-MAG.1252	K02004
Ramli-MAG.2232	K00384
Ramli-MAG.3522	K07157
Ramli-MAG.958	K03595
Ramli-MAG.3512	K01029
Ramli-MAG.884	K18850
Ramli-MAG.737	K02067
Ramli-MAG.2152	K01676
Ramli-MAG.2706
Ramli-MAG.1678	K03616
Ramli-MAG.1015
Ramli-MAG.1502	K00858
Ramli-MAG.1164	K03551
Ramli-MAG.3763	K02437
Ramli-MAG.3644	K02535
Ramli-MAG.2728	K06287
Ramli-MAG.1027	K03183
Ramli-MAG.3633	K01929
Ramli-MAG.2414
Ramli-MAG.1135
Ramli-MAG.1811	K09913
Ramli-MAG.1152	K02996
Ramli-MAG.2578	K02835
Ramli-MAG.1037	K05838
Ramli-MAG.861
Ramli-MAG.962	K01207
Ramli-MAG.795
Ramli-MAG.3128	K03086
Ramli-MAG.2464
Ramli-MAG.2009	K02483
Ramli-MAG.1969	K01963
Ramli-MAG.2154	K01679
Ramli-MAG.2694	K02660
Ramli-MAG.1677	K05973
Ramli-MAG.993	K02057
Ramli-MAG.3514
Ramli-MAG.2871	K00990
Ramli-MAG.1099	K02988
Ramli-MAG.1250
Ramli-MAG.945	K00334
Ramli-MAG.2568	K01881
Ramli-MAG.97	K03273
Ramli-MAG.1408	K01167
Ramli-MAG.2690	K07447
Ramli-MAG.246
Ramli-MAG.2376	K00265
Ramli-MAG.2771
Ramli-MAG.2141	K20862
Ramli-MAG.3010
Ramli-MAG.1668	K04082
Ramli-MAG.1818	K03558
Ramli-MAG.1019	K01126
Ramli-MAG.865
Ramli-MAG.2618	K06023
Ramli-MAG.1219	K04096
Ramli-MAG.415	K04760
Ramli-MAG.2486	K05825
Ramli-MAG.2991	K02906
Ramli-MAG.2135	K01995
Ramli-MAG.1052
Ramli-MAG.943	K00336
Ramli-MAG.3003
Ramli-MAG.1608	K09937
Ramli-MAG.2242
Ramli-MAG.3517
Ramli-MAG.1605	K07101
Ramli-MAG.582
Ramli-MAG.413
Ramli-MAG.2630	K01919
Ramli-MAG.1596	K07240
Ramli-MAG.994	K02057
Ramli-MAG.1869	K06153
Ramli-MAG.1823	K02509
Ramli-MAG.2424	K01438
Ramli-MAG.2731
Ramli-MAG.826	K03625
Ramli-MAG.435
Ramli-MAG.418	K00942
Ramli-MAG.3373	K00969
Ramli-MAG.2811	K13875
Ramli-MAG.585	K00956
Ramli-MAG.2480	K01470
Ramli-MAG.3112	K01996
Ramli-MAG.2	K03981
Ramli-MAG.748
Ramli-MAG.1204	K02622
Ramli-MAG.1850	K00362
Ramli-MAG.2981
Ramli-MAG.1734
Ramli-MAG.822	K11752
Ramli-MAG.501	K07007
Ramli-MAG.1444	K03071
Ramli-MAG.783
Ramli-MAG.274	K06187
Ramli-MAG.1458
Ramli-MAG.1471	K08310
Ramli-MAG.1436
Ramli-MAG.3148	K07402
Ramli-MAG.3667	K02687
Ramli-MAG.462	K01998
Ramli-MAG.1633	K00164
Ramli-MAG.2150
Ramli-MAG.577	K02048
Ramli-MAG.1263
Ramli-MAG.150	K11960
Ramli-MAG.2029	K02035
Ramli-MAG.2431
Ramli-MAG.1908
Ramli-MAG.1007	K12339
Ramli-MAG.3521	K02221
Ramli-MAG.2652
Ramli-MAG.2051	K05788
Ramli-MAG.3150	K07127
Ramli-MAG.789
Ramli-MAG.1819	K00764
Ramli-MAG.251	K00796
Ramli-MAG.282	K03469
Ramli-MAG.2018	K20074
Ramli-MAG.1999	K02863
Ramli-MAG.1615
Ramli-MAG.1084	K00773
Ramli-MAG.3149
Ramli-MAG.2586	K02346
Ramli-MAG.2382	K07323
Ramli-MAG.1105	K02952
Ramli-MAG.3777	K00287
Ramli-MAG.2336	K03520
Ramli-MAG.2404
Ramli-MAG.3418
Ramli-MAG.1772	K10823
Ramli-MAG.2725	K03621
Ramli-MAG.2682
Ramli-MAG.860
Ramli-MAG.1861	K02533
Ramli-MAG.1404	K00615
Ramli-MAG.3070
Ramli-MAG.3639	K01921
Ramli-MAG.1612	K03666
Ramli-MAG.1673	K03702
Ramli-MAG.665	K03111
Ramli-MAG.573
Ramli-MAG.3168	K04485
Ramli-MAG.145
Ramli-MAG.234	K07277
Ramli-MAG.1669	K13628
Ramli-MAG.330	K00208
Ramli-MAG.3408
Ramli-MAG.2635	K01638
Ramli-MAG.347	K00088
Ramli-MAG.1166
Ramli-MAG.41	K03284
Ramli-MAG.1945	K01644
Ramli-MAG.2577	K02493
Ramli-MAG.3691
Ramli-MAG.1751	K03635
Ramli-MAG.2235	K03634
Ramli-MAG.2400	K02503
Ramli-MAG.2122	K01247
Ramli-MAG.2373	K09941
Ramli-MAG.1061	K02029
Ramli-MAG.999	K02058
Ramli-MAG.161	K03188
Ramli-MAG.1601	K10804
Ramli-MAG.2912	K03610
Ramli-MAG.889	K13038
Ramli-MAG.398	K01998
Ramli-MAG.2363	K02663
Ramli-MAG.1253	K02379
Ramli-MAG.2760	K00991
Ramli-MAG.1200	K01714
Ramli-MAG.732
Ramli-MAG.89	K10914
Ramli-MAG.3672	K01662
Ramli-MAG.2519	K02667
Ramli-MAG.390
Ramli-MAG.1859	K09889
Ramli-MAG.1917	K10763
Ramli-MAG.966	K02959
Ramli-MAG.627	K09773
Ramli-MAG.1288	K06168
Ramli-MAG.1754	K03753
Ramli-MAG.2898	K03495
Ramli-MAG.3615
Ramli-MAG.1156	K09001
Ramli-MAG.2356	K17247
Ramli-MAG.1535	K02257
Ramli-MAG.3015	K02116
Ramli-MAG.3519
Ramli-MAG.2228	K03500
Ramli-MAG.2966	K01810
Ramli-MAG.2599
Ramli-MAG.232	K00099
Ramli-MAG.1118
Ramli-MAG.371	K02676
Ramli-MAG.3405	K00074
Ramli-MAG.2661	K01658
Ramli-MAG.3652	K07000
Ramli-MAG.2769	K14441
Ramli-MAG.626	K01007
Ramli-MAG.2554	K03574
Ramli-MAG.1283	K02455
Ramli-MAG.1638
Ramli-MAG.2186
Ramli-MAG.1537
Ramli-MAG.1312	K01749
Ramli-MAG.3666	K01961
Ramli-MAG.2052	K08992
Ramli-MAG.1077	K01692
Ramli-MAG.2770	K12573
Ramli-MAG.1116	K00249
Ramli-MAG.2215
Ramli-MAG.1723	K02887
Ramli-MAG.2323	K22131
Ramli-MAG.96	K01879
Ramli-MAG.3145	K01724
Ramli-MAG.2248	K09922
Ramli-MAG.2247	K06177
Ramli-MAG.2200	K09808
Ramli-MAG.3170
Ramli-MAG.2962	K04077
Ramli-MAG.1651
Ramli-MAG.1888
Ramli-MAG.600
Ramli-MAG.2487
Ramli-MAG.2466	K07460
Ramli-MAG.2019
Ramli-MAG.1609	K04087
Ramli-MAG.2961	K04078
Ramli-MAG.671	K00566
Ramli-MAG.1620	K06941
Ramli-MAG.1793	K08591
Ramli-MAG.2046	K02469
Ramli-MAG.1691	K05539
Ramli-MAG.2099
Ramli-MAG.2004	K07117
Ramli-MAG.749	K07018
Ramli-MAG.1914	K00950
Ramli-MAG.36	K00324
Ramli-MAG.1207	K02621
Ramli-MAG.630
Ramli-MAG.2865
Ramli-MAG.947	K00332
Ramli-MAG.2539
Ramli-MAG.3769	K01736
Ramli-MAG.2478	K07050
Ramli-MAG.2038	K00948
Ramli-MAG.1624	K06180
Ramli-MAG.3480	K01894
Ramli-MAG.3172	K00455
Ramli-MAG.389	K07119
Ramli-MAG.2863	K05527
Ramli-MAG.2393	K01693
Ramli-MAG.3195	K00573
Ramli-MAG.293	K01507
Ramli-MAG.442
Ramli-MAG.393
Ramli-MAG.2620	K06186
Ramli-MAG.2665	K01609
Ramli-MAG.1853
Ramli-MAG.449	K00135
Ramli-MAG.2041
Ramli-MAG.3750	K09989
Ramli-MAG.1094	K02931
Ramli-MAG.1788
Ramli-MAG.1621	K00940
Ramli-MAG.3790
Ramli-MAG.586	K05524
Ramli-MAG.1619	K02656
Ramli-MAG.1690	K09461
Ramli-MAG.2869	K01952
Ramli-MAG.643	K00995
Ramli-MAG.2686	K00655
Ramli-MAG.343	K03664
Ramli-MAG.1804	K07278
Ramli-MAG.3625
Ramli-MAG.1172	K01633
Ramli-MAG.791
Ramli-MAG.2037	K02897
Ramli-MAG.2459	K00864
Ramli-MAG.3618
Ramli-MAG.3374	K00228
Ramli-MAG.1959	K00133
Ramli-MAG.1095	K02954
Ramli-MAG.3555
Ramli-MAG.226	K02967
Ramli-MAG.370	K03424
Ramli-MAG.3324
Ramli-MAG.3711	K06941
Ramli-MAG.792
Ramli-MAG.2221	K11753
Ramli-MAG.1469	K06131
Ramli-MAG.1403	K00134
Ramli-MAG.1344	K03686
Ramli-MAG.143	K11712
Ramli-MAG.1759	K03564
Ramli-MAG.1810	K01940
Ramli-MAG.982	K01075
Ramli-MAG.95	K01878
Ramli-MAG.1674	K00832
Ramli-MAG.2709	K22003
Ramli-MAG.1718
Ramli-MAG.1503	K03705
Ramli-MAG.659
Ramli-MAG.655	K00090
Ramli-MAG.1243	K01875
Ramli-MAG.2714	K03596
Ramli-MAG.3605
Ramli-MAG.1553	K01255
Ramli-MAG.726	K02335
Ramli-MAG.1345	K04043
Ramli-MAG.245	K03624
Ramli-MAG.1897	K01919
Ramli-MAG.2291	K02020
Ramli-MAG.1076	K06991
Ramli-MAG.2761	K01770
Ramli-MAG.1012	K01873
Ramli-MAG.3630	K03586
Ramli-MAG.1260
Ramli-MAG.1566	K02046
Ramli-MAG.1029	K03690
Ramli-MAG.2374
Ramli-MAG.2161	K13292
Ramli-MAG.2595	K04744
Ramli-MAG.3617	K06911
Ramli-MAG.1789
Ramli-MAG.1108	K03040
Ramli-MAG.2227	K11175
Ramli-MAG.825	K00794
Ramli-MAG.3039	K02435
Ramli-MAG.1854	K02303
Ramli-MAG.3443
Ramli-MAG.94	K03820
Ramli-MAG.3370	K06287
Ramli-MAG.2148	K03544
Ramli-MAG.2913	K03609
Ramli-MAG.969	K02884
Ramli-MAG.60
Ramli-MAG.2048	K04517
Ramli-MAG.3638	K01924
Ramli-MAG.3698
Ramli-MAG.3304
Ramli-MAG.2711	K03685
Ramli-MAG.624	K14393
Ramli-MAG.2938	K00102
Ramli-MAG.1134	K03701
Ramli-MAG.1628
Ramli-MAG.1136	K02837
Ramli-MAG.2805
Ramli-MAG.1199	K07287
Ramli-MAG.1836	K03320
Ramli-MAG.2398	K01523
Ramli-MAG.3449	K03657
Ramli-MAG.709	K16267
Ramli-MAG.1328	K03924
Ramli-MAG.1173
Ramli-MAG.2908	K06131
Ramli-MAG.830	K03560
Ramli-MAG.1995	K03046
Ramli-MAG.103
Ramli-MAG.1066
Ramli-MAG.1834	K11472
Ramli-MAG.458
Ramli-MAG.1162	K06217
Ramli-MAG.971	K02227
Ramli-MAG.2407	K03282
Ramli-MAG.2386
Ramli-MAG.2085
Ramli-MAG.2980
Ramli-MAG.3013	K09158
Ramli-MAG.3613
Ramli-MAG.2695	K02659
Ramli-MAG.2072	K17226
Ramli-MAG.84	K02453
Ramli-MAG.2047	K14170
Ramli-MAG.1401	K03775
Ramli-MAG.2629	K00147
Ramli-MAG.1079
Ramli-MAG.141	K11206
Ramli-MAG.917	K03572
Ramli-MAG.2654	K01783
Ramli-MAG.257
Ramli-MAG.3751
Ramli-MAG.944	K00335
Ramli-MAG.79	K02459
Ramli-MAG.2352
Ramli-MAG.1074
Ramli-MAG.1880
Ramli-MAG.2433
Ramli-MAG.2032	K02034
Ramli-MAG.1923	K03980
Ramli-MAG.2073	K17227
Ramli-MAG.1151	K02871
Ramli-MAG.1613	K03977
Ramli-MAG.3137	K07095
Ramli-MAG.3124
Ramli-MAG.286	K03750
Ramli-MAG.303	K01652
Ramli-MAG.353	K01563
Ramli-MAG.353	K11991
Ramli-MAG.812
Ramli-MAG.1289
Ramli-MAG.2607	K22025
Ramli-MAG.965	K03823
Ramli-MAG.1803	K00075
Ramli-MAG.939	K00340
Ramli-MAG.651	K22342
Ramli-MAG.337	K02519
Ramli-MAG.3773	K07058
Ramli-MAG.908	K07088
Ramli-MAG.2907
Ramli-MAG.1281
Ramli-MAG.628	K03386
Ramli-MAG.2993	K02892
Ramli-MAG.2640
Ramli-MAG.1672	K13643
Ramli-MAG.1184
Ramli-MAG.443
Ramli-MAG.372	K02341
Ramli-MAG.1965	K06173
Ramli-MAG.3626	K01419
Ramli-MAG.1532
Ramli-MAG.1833	K11473
Ramli-MAG.1449	K21029
Ramli-MAG.1640	K00382
Ramli-MAG.1644
Ramli-MAG.2624	K01869
Ramli-MAG.3122	K04101
Ramli-MAG.280	K01069
Ramli-MAG.104	K00253
Ramli-MAG.2882	K02670
Ramli-MAG.2806	K06020
Ramli-MAG.1950	K00242
Ramli-MAG.1954	K01647
Ramli-MAG.1827
Ramli-MAG.1080
Ramli-MAG.954	K02956
Ramli-MAG.2014	K01903
Ramli-MAG.3395	K00912
Ramli-MAG.2044	K03575
Ramli-MAG.1664	K02342
Ramli-MAG.1561	K14682
Ramli-MAG.2873	K01972
Ramli-MAG.961	K00997
Ramli-MAG.2763	K07659
Ramli-MAG.2596	K07102
Ramli-MAG.67	K06131
Ramli-MAG.1528	K02258
Ramli-MAG.465	K10806
Ramli-MAG.3361	K03640
Ramli-MAG.2520	K02668
Ramli-MAG.2757	K01079
Ramli-MAG.2939	K03497
Ramli-MAG.262	K02039
Ramli-MAG.3206	K07141
Ramli-MAG.3784	K07708
Ramli-MAG.3788
Ramli-MAG.3163	K02843
Ramli-MAG.2049	K00800
Ramli-MAG.1701	K00626
Ramli-MAG.461	K01995
Ramli-MAG.2053	K19804
Ramli-MAG.1139	K01251
Ramli-MAG.1627
Ramli-MAG.3759	K03216
Ramli-MAG.2355	K07147
Ramli-MAG.3007	K02821
Ramli-MAG.1943	K01682
Ramli-MAG.373	K00943
Ramli-MAG.463	K01997
Ramli-MAG.1158	K01866
Ramli-MAG.2171	K02337
Ramli-MAG.1011
Ramli-MAG.656
Ramli-MAG.474
Ramli-MAG.295	K01950
Ramli-MAG.2639	K01887
Ramli-MAG.2560	K02652
Ramli-MAG.1307
Ramli-MAG.3153	K03190
Ramli-MAG.3409	K00249
Ramli-MAG.3030	K03744
Ramli-MAG.1753	K03750
Ramli-MAG.1205
Ramli-MAG.2043
Ramli-MAG.2237	K01997
Ramli-MAG.1167	K15634
Ramli-MAG.1443	K00057
Ramli-MAG.3121	K04100
Ramli-MAG.2648	K01095
Ramli-MAG.2576	K07390
Ramli-MAG.264	K07636
Ramli-MAG.1247	K03527
Ramli-MAG.3041	K02434
Ramli-MAG.1258	K00123
Ramli-MAG.3719	K01625
Ramli-MAG.1067	K07120
Ramli-MAG.2992	K02926
Ramli-MAG.2027	K00954
Ramli-MAG.959	K03584
Ramli-MAG.3382
Ramli-MAG.3069
Ramli-MAG.1038	K01588
Ramli-MAG.99	K07043
Ramli-MAG.2637	K08983
Ramli-MAG.1426	K01790
Ramli-MAG.631	K19416
Ramli-MAG.1212	K04567
Ramli-MAG.3447	K00364
Ramli-MAG.1682	K01965
Ramli-MAG.991	K13481
Ramli-MAG.1839	K07391
Ramli-MAG.237	K02372
Ramli-MAG.426
Ramli-MAG.2774	K00285
Ramli-MAG.2378	K02065
Ramli-MAG.3551	K03892
Ramli-MAG.1740
Ramli-MAG.1214
Ramli-MAG.2862	K06190
Ramli-MAG.1855	K07007
Ramli-MAG.1525	K02275
Ramli-MAG.3378	K00761
Ramli-MAG.2688	K00609
Ramli-MAG.294	K09919
Ramli-MAG.136	K00432
Ramli-MAG.805
Ramli-MAG.439	K00632
Ramli-MAG.751	K02950
Ramli-MAG.1604	K01760
Ramli-MAG.1685	K01847
Ramli-MAG.2402	K03117
Ramli-MAG.1033	K00873
Ramli-MAG.2042	K10563
Ramli-MAG.1311	K01595
Ramli-MAG.3786	K01915
Ramli-MAG.1220	K03747
Ramli-MAG.578
Ramli-MAG.2377	K00266
Ramli-MAG.238	K00677
Ramli-MAG.2522
Ramli-MAG.2158
Ramli-MAG.309
Ramli-MAG.1649	K01807
Ramli-MAG.1360	K01918
Ramli-MAG.2445	K07649
Ramli-MAG.1330
Ramli-MAG.1367
Ramli-MAG.722	K02283
Ramli-MAG.2251	K03825
Ramli-MAG.87
Ramli-MAG.1018
Ramli-MAG.453	K11731
Ramli-MAG.3492	K01998
Ramli-MAG.64
Ramli-MAG.403	K04090
Ramli-MAG.1742
Ramli-MAG.3564
Ramli-MAG.3270
Ramli-MAG.3295
Ramli-MAG.915	K18242
Ramli-MAG.3216
Ramli-MAG.66
Ramli-MAG.864
Ramli-MAG.1047
Ramli-MAG.1899
Ramli-MAG.2535
Ramli-MAG.1025
Ramli-MAG.1361	K00606
Ramli-MAG.1016
Ramli-MAG.2096	K00384
Ramli-MAG.3744	K03119
Ramli-MAG.1057	K00874
Ramli-MAG.713	K02279
Ramli-MAG.3574	K01032
Ramli-MAG.3235
Ramli-MAG.3539
Ramli-MAG.520	K07039
Ramli-MAG.603
Ramli-MAG.2434
Ramli-MAG.101
Ramli-MAG.2119	K03767
Ramli-MAG.1442	K03671
Ramli-MAG.2168
Ramli-MAG.2453
Ramli-MAG.2160
Ramli-MAG.2016
Ramli-MAG.1846
Ramli-MAG.2794
Ramli-MAG.3107	K11475
Ramli-MAG.2349	K02517
Ramli-MAG.821	K02655
Ramli-MAG.2958
Ramli-MAG.1450	K07290
Ramli-MAG.591
Ramli-MAG.2930
Ramli-MAG.625
Ramli-MAG.1892
Ramli-MAG.452	K13778
Ramli-MAG.1875
Ramli-MAG.3491	K01997
Ramli-MAG.3561
Ramli-MAG.1653	K09779
Ramli-MAG.3130	K00666
Ramli-MAG.2345
Ramli-MAG.307	K01649
Ramli-MAG.2430
Ramli-MAG.2802
Ramli-MAG.545	K10253
Ramli-MAG.3706	K02014
Ramli-MAG.1794	K19784
Ramli-MAG.2475	K01740
Ramli-MAG.3518	K07107
Ramli-MAG.3523
Ramli-MAG.614
Ramli-MAG.3236
Ramli-MAG.705
Ramli-MAG.2252
Ramli-MAG.1332	K01996
Ramli-MAG.2979	K01996
Ramli-MAG.1735
Ramli-MAG.2442
Ramli-MAG.3536
Ramli-MAG.2611	K03320
Ramli-MAG.714	K02280
Ramli-MAG.921
Ramli-MAG.1060	K02030
Ramli-MAG.1467	K10747
Ramli-MAG.114	K06151
Ramli-MAG.3637	K02563
Ramli-MAG.811
Ramli-MAG.1498
Ramli-MAG.517
Ramli-MAG.3264	K06910
Ramli-MAG.2976	K01999
Ramli-MAG.3093
Ramli-MAG.590	K09792
Ramli-MAG.2413
Ramli-MAG.774	K03149
Ramli-MAG.3437
Ramli-MAG.673
Ramli-MAG.2184
Ramli-MAG.3757	K03496
Ramli-MAG.3647
Ramli-MAG.153
Ramli-MAG.1088	K07223
Ramli-MAG.715
Ramli-MAG.2331
Ramli-MAG.576	K01118
Ramli-MAG.2984
Ramli-MAG.3410
Ramli-MAG.2627	K00819
Ramli-MAG.1573	K10979
Ramli-MAG.870	K05596
Ramli-MAG.3266
Ramli-MAG.1460	K03724
Ramli-MAG.877
Ramli-MAG.733
Ramli-MAG.654	K09760
Ramli-MAG.3477	K01179
Ramli-MAG.1707	K01915
Ramli-MAG.2455	K03654
Ramli-MAG.3562
Ramli-MAG.1708	K04755
Ramli-MAG.3737
Ramli-MAG.376
Ramli-MAG.575
Ramli-MAG.2502
Ramli-MAG.2860
Ramli-MAG.2754
Ramli-MAG.914	K18243
Ramli-MAG.488
Ramli-MAG.622
Ramli-MAG.2452
Ramli-MAG.2474	K01854
Ramli-MAG.3662	K00666
Ramli-MAG.1410
Ramli-MAG.610	K00405
Ramli-MAG.3756	K11746
Ramli-MAG.3646	K00981
Ramli-MAG.392
Ramli-MAG.3294
Ramli-MAG.3110	K01998
Ramli-MAG.3484
Ramli-MAG.608	K00406
Ramli-MAG.607
Ramli-MAG.2501
Ramli-MAG.2815	K03805
Ramli-MAG.1358
Ramli-MAG.2458
Ramli-MAG.790	K01784
Ramli-MAG.2693	K02487
Ramli-MAG.2693	K06596
Ramli-MAG.611	K00404
Ramli-MAG.50	K01555
Ramli-MAG.3335	K01555
Ramli-MAG.867
Ramli-MAG.3674	K02026
Ramli-MAG.113	K06152
Ramli-MAG.2081
Ramli-MAG.1711	K00450
Ramli-MAG.3288	K03832
Ramli-MAG.1399	K02355
Ramli-MAG.3580	K13049
Ramli-MAG.2444
Ramli-MAG.464	K01692
Ramli-MAG.2977	K01997
Ramli-MAG.1334	K01997
Ramli-MAG.1750
Ramli-MAG.2217
Ramli-MAG.1017
Ramli-MAG.1777
Ramli-MAG.1244	K03502
Ramli-MAG.1054	K00052
Ramli-MAG.1468	K07577
Ramli-MAG.3246
Ramli-MAG.132
Ramli-MAG.2457	K00383
Ramli-MAG.3656	K08319
Ramli-MAG.1765
Ramli-MAG.2481
Ramli-MAG.2436
Ramli-MAG.2066	K09004
Ramli-MAG.773	K03154
Ramli-MAG.513
Ramli-MAG.926
Ramli-MAG.1795	K01785
Ramli-MAG.3572
Ramli-MAG.2799
Ramli-MAG.3676	K02027
Ramli-MAG.1768
Ramli-MAG.2313
Ramli-MAG.2899
Ramli-MAG.3106	K03862
Ramli-MAG.2903
Ramli-MAG.358	K07168
Ramli-MAG.2692	K01669
Ramli-MAG.1082
Ramli-MAG.721	K02282
Ramli-MAG.706	K08995
Ramli-MAG.3367	K02849
Ramli-MAG.1320
Ramli-MAG.612
Ramli-MAG.1482	K14534
Ramli-MAG.3489	K01995
Ramli-MAG.3610	K02014
Ramli-MAG.2328
Ramli-MAG.3154
Ramli-MAG.1397
Ramli-MAG.2320	K08319
Ramli-MAG.1062	K02029
Ramli-MAG.165	K00697
Ramli-MAG.1710
Ramli-MAG.1058
Ramli-MAG.903
Ramli-MAG.3563
Ramli-MAG.388
Ramli-MAG.1889
Ramli-MAG.589	K07576
Ramli-MAG.1165
Ramli-MAG.1368
Ramli-MAG.3675	K02025
Ramli-MAG.541
Ramli-MAG.3493
Ramli-MAG.1706
Ramli-MAG.3490	K01996
Ramli-MAG.613	K01533
Ramli-MAG.3404
Ramli-MAG.609	K00407
Ramli-MAG.3827	K07112
Ramli-MAG.710
Ramli-MAG.595
Ramli-MAG.988
Ramli-MAG.3741	K00344
Ramli-MAG.2886
Ramli-MAG.1848	K15577
Ramli-MAG.3045
Ramli-MAG.983
Ramli-MAG.2419
Ramli-MAG.1592	K06996
Ramli-MAG.2451
Ramli-MAG.2417
Ramli-MAG.1293
Ramli-MAG.2902	K00799
Ramli-MAG.112	K00528
Ramli-MAG.3272
Ramli-MAG.3573	K01031
Ramli-MAG.1766
Ramli-MAG.1847	K15576
Ramli-MAG.1588
Ramli-MAG.1748	K20940
Ramli-MAG.1762	K00666
Ramli-MAG.1371	K22348
Ramli-MAG.1437	K03321
Ramli-MAG.3050
Ramli-MAG.130
Ramli-MAG.3826	K07112
Ramli-MAG.1576
Ramli-MAG.154
Ramli-MAG.1063	K02525
Ramli-MAG.256
Ramli-MAG.1321
Ramli-MAG.1738
Ramli-MAG.1840	K07058
Ramli-MAG.2095
Ramli-MAG.531
Ramli-MAG.1763
Ramli-MAG.3276
Ramli-MAG.2476	K06929
Ramli-MAG.1637
Ramli-MAG.1056	K00090
Ramli-MAG.2753
Ramli-MAG.3755
Ramli-MAG.599
Ramli-MAG.615
Ramli-MAG.3714	K00851
Ramli-MAG.1830
Ramli-MAG.2472	K00849
Ramli-MAG.3570
Ramli-MAG.1137
Ramli-MAG.2825
Ramli-MAG.503
Ramli-MAG.1055
Ramli-MAG.1183
Ramli-MAG.724	K12511
Ramli-MAG.2094
Ramli-MAG.2978	K01995
Ramli-MAG.2978	K01998
Ramli-MAG.1333	K01995
Ramli-MAG.1333	K01998
Ramli-MAG.3289	K03559
Ramli-MAG.2447
Ramli-MAG.155
Ramli-MAG.523	K07461
Ramli-MAG.1538
Ramli-MAG.871
Ramli-MAG.2904	K10680
Ramli-MAG.772	K03153
Ramli-MAG.3803
Ramli-MAG.3814
Ramli-MAG.1779	K02034
Ramli-MAG.1412
Ramli-MAG.3588
Ramli-MAG.511
Ramli-MAG.1545	K02041
Ramli-MAG.1920
Ramli-MAG.1143	K02613
Ramli-MAG.1294
Ramli-MAG.2065	K07112
Ramli-MAG.1960	K03427
Ramli-MAG.756
Ramli-MAG.802
Ramli-MAG.3414	K01725
Ramli-MAG.3227
Ramli-MAG.519
Ramli-MAG.3231	K02300
Ramli-MAG.451	K13774
Ramli-MAG.670	K02483
Ramli-MAG.1398	K06910
Ramli-MAG.383
Ramli-MAG.929
Ramli-MAG.1206
Ramli-MAG.2626
Ramli-MAG.1773	K15583
Ramli-MAG.2850
Ramli-MAG.1956
Ramli-MAG.1595	K01782
Ramli-MAG.2165
Ramli-MAG.979
Ramli-MAG.2787
Ramli-MAG.648	K02003
Ramli-MAG.2104
Ramli-MAG.1455
Ramli-MAG.3527
Ramli-MAG.428	K15371
Ramli-MAG.490
Ramli-MAG.3828
Ramli-MAG.2837
Ramli-MAG.3252
Ramli-MAG.1799	K00249
Ramli-MAG.2876
Ramli-MAG.3027	K03717
Ramli-MAG.492	K00574
Ramli-MAG.323	K20534
Ramli-MAG.1665	K00065
Ramli-MAG.2758
Ramli-MAG.1129
Ramli-MAG.2521	K06950
Ramli-MAG.2525
Ramli-MAG.1041
Ramli-MAG.1313	K01719
Ramli-MAG.1308
Ramli-MAG.3817
Ramli-MAG.2169
Ramli-MAG.3234	K15012
Ramli-MAG.278	K02050
Ramli-MAG.3197
Ramli-MAG.593
Ramli-MAG.3253
Ramli-MAG.3379
Ramli-MAG.2821
Ramli-MAG.598	K00948
Ramli-MAG.892
Ramli-MAG.1771
Ramli-MAG.2437	K10914
Ramli-MAG.3339
Ramli-MAG.180	K13929
Ramli-MAG.800
Ramli-MAG.2921
Ramli-MAG.1487
Ramli-MAG.3230	K02299
Ramli-MAG.1083
Ramli-MAG.3709
Ramli-MAG.985
Ramli-MAG.1463
Ramli-MAG.996	K06876
Ramli-MAG.2103
Ramli-MAG.404
Ramli-MAG.2948	K02069
Ramli-MAG.3286	K02069
Ramli-MAG.2294	K02019
Ramli-MAG.3160	K00666
Ramli-MAG.3549
Ramli-MAG.3202
Ramli-MAG.557
Ramli-MAG.3727
Ramli-MAG.927	K03446
Ramli-MAG.1145	K02611
Ramli-MAG.596
Ramli-MAG.606	K09926
Ramli-MAG.759	K07001
Ramli-MAG.1891
Ramli-MAG.329
Ramli-MAG.1903
Ramli-MAG.1591
Ramli-MAG.1902
Ramli-MAG.1112
Ramli-MAG.3654
Ramli-MAG.3278	K00459
Ramli-MAG.2111
Ramli-MAG.1838
Ramli-MAG.1383	K06999
Ramli-MAG.1940	K07646
Ramli-MAG.2496
Ramli-MAG.1913
Ramli-MAG.321
Ramli-MAG.1065
Ramli-MAG.556	K18199
Ramli-MAG.2634
Ramli-MAG.1918
Ramli-MAG.1547	K02042
Ramli-MAG.181	K13931
Ramli-MAG.649	K02004
Ramli-MAG.7
Ramli-MAG.3228	K02297
Ramli-MAG.1499
Ramli-MAG.923
Ramli-MAG.361
Ramli-MAG.2848	K07787
Ramli-MAG.902
Ramli-MAG.1919	K01933
Ramli-MAG.3237
Ramli-MAG.3380
Ramli-MAG.1295	K02014
Ramli-MAG.738	K18480
Ramli-MAG.3470
Ramli-MAG.1286
Ramli-MAG.703	K03657
Ramli-MAG.1783	K21071
Ramli-MAG.2669
Ramli-MAG.1676	K15777
Ramli-MAG.85
Ramli-MAG.1114
Ramli-MAG.529	K01066
Ramli-MAG.3693	K05845
Ramli-MAG.3693	K05846
Ramli-MAG.183	K13933
Ramli-MAG.1774	K15582
Ramli-MAG.1197
Ramli-MAG.58
Ramli-MAG.3066	K04561
Ramli-MAG.711
Ramli-MAG.495
Ramli-MAG.1890
Ramli-MAG.3089
Ramli-MAG.168
Ramli-MAG.675
Ramli-MAG.3526	K18430
Ramli-MAG.2372
Ramli-MAG.2087
Ramli-MAG.771	K03147
Ramli-MAG.650	K02005
Ramli-MAG.3569	K00344
Ramli-MAG.1884
Ramli-MAG.3509	K18893
Ramli-MAG.516	K13821
Ramli-MAG.3051	K01687
Ramli-MAG.1580
Ramli-MAG.3232	K14998
Ramli-MAG.3029	K06872
Ramli-MAG.1775	K15581
Ramli-MAG.1391
Ramli-MAG.2418
Ramli-MAG.2584	K01692
Ramli-MAG.3126
Ramli-MAG.3531
Ramli-MAG.1428
Ramli-MAG.1168
Ramli-MAG.1694
Ramli-MAG.2679
Ramli-MAG.760	K13993
Ramli-MAG.2514
Ramli-MAG.594
Ramli-MAG.616	K13953
Ramli-MAG.1461
Ramli-MAG.3486
Ramli-MAG.118
Ramli-MAG.3085
Ramli-MAG.2084
Ramli-MAG.3488
Ramli-MAG.1778	K02033
Ramli-MAG.3589
Ramli-MAG.3695	K07660
Ramli-MAG.2842	K17686
Ramli-MAG.1302
Ramli-MAG.509
Ramli-MAG.977	K02484
Ramli-MAG.201	K01999
Ramli-MAG.205	K01999
Ramli-MAG.1934	K00480
Ramli-MAG.1385
Ramli-MAG.1425	K09690
Ramli-MAG.3710	K00640
Ramli-MAG.1800
Ramli-MAG.1885	K01560
Ramli-MAG.3024	K05794
Ramli-MAG.978	K04771
Ramli-MAG.508	K07001
Ramli-MAG.1209	K10001
Ramli-MAG.3201	K02077
Ramli-MAG.3200	K02075
Ramli-MAG.124
Ramli-MAG.117	K02650
Ramli-MAG.3192	K02650
Ramli-MAG.691	K18640
Ramli-MAG.2947	K18640
Ramli-MAG.2420
Ramli-MAG.1245	K03503
Ramli-MAG.1546	K02042
Ramli-MAG.1801
Ramli-MAG.2851
Ramli-MAG.2497
Ramli-MAG.2915
Ramli-MAG.1072
Ramli-MAG.980
Ramli-MAG.2786
Ramli-MAG.3740
Ramli-MAG.663	K09969
Ramli-MAG.2416
Ramli-MAG.1542
Ramli-MAG.225
Ramli-MAG.1970	K15511
Ramli-MAG.797
Ramli-MAG.2741	K01061
Ramli-MAG.2440	K01082
Ramli-MAG.2441	K16011
Ramli-MAG.787
Ramli-MAG.3687
Ramli-MAG.494
Ramli-MAG.182	K13932
Ramli-MAG.406	K19746
Ramli-MAG.2752
Ramli-MAG.2177
Ramli-MAG.2183
Ramli-MAG.190
Ramli-MAG.2296
Ramli-MAG.3591
Ramli-MAG.3745	K03556
Ramli-MAG.2582
Ramli-MAG.3485
Ramli-MAG.701
Ramli-MAG.1296
Ramli-MAG.3269
Ramli-MAG.2439	K22252
Ramli-MAG.3472
Ramli-MAG.454	K13777
Ramli-MAG.2909	K07027
Ramli-MAG.2098
Ramli-MAG.2293	K02017
Ramli-MAG.491	K09701
Ramli-MAG.2684
Ramli-MAG.2810
Ramli-MAG.2077
Ramli-MAG.1402	K06911
Ramli-MAG.785
Ramli-MAG.3063	K07152
Ramli-MAG.704
Ramli-MAG.3524	K19430
Ramli-MAG.2438	K01711
Ramli-MAG.32	K03559
Ramli-MAG.3720
Ramli-MAG.483
Ramli-MAG.1981
Ramli-MAG.1081
Ramli-MAG.277	K02049
Ramli-MAG.1370
Ramli-MAG.3308	K06199
Ramli-MAG.2319
Ramli-MAG.3830	K19707
Ramli-MAG.3277	K19707
Ramli-MAG.2191	K03413
Ramli-MAG.777	K07258
Ramli-MAG.3525	K18429
Ramli-MAG.3229	K02298
Ramli-MAG.3658
Ramli-MAG.895	K03811
Ramli-MAG.1873
Ramli-MAG.3530	K01953
Ramli-MAG.1594	K00626
Ramli-MAG.405
Ramli-MAG.3804
Ramli-MAG.3127	K00459
Ramli-MAG.2849	K07798
Ramli-MAG.2092
Ramli-MAG.3251
Ramli-MAG.1003
Ramli-MAG.3100
Ramli-MAG.2492	K07303
Ramli-MAG.2473	K00067
Ramli-MAG.2602
Ramli-MAG.1290
Ramli-MAG.1392	K06886
Ramli-MAG.187
Ramli-MAG.1543
Ramli-MAG.1341	K01768
Ramli-MAG.1882	K01426
Ramli-MAG.455	K00249
Ramli-MAG.3067	K13771
Ramli-MAG.2127
Ramli-MAG.930
Ramli-MAG.1904
Ramli-MAG.740	K05595
Ramli-MAG.3338	K01451
Ramli-MAG.1962	K01153
Ramli-MAG.1776	K15580
Ramli-MAG.3738
Ramli-MAG.1764
Ramli-MAG.3768
Ramli-MAG.328
Ramli-MAG.820	K02671
Ramli-MAG.3064
Ramli-MAG.3052	K03821
Ramli-MAG.3688
Ramli-MAG.1780	K02031
Ramli-MAG.1780	K02032
Ramli-MAG.3778
Ramli-MAG.2471	K00965
Ramli-MAG.781
Ramli-MAG.3092
Ramli-MAG.1486
Ramli-MAG.2920
Ramli-MAG.2470
Ramli-MAG.597	K00758
Ramli-MAG.1741
Ramli-MAG.3833	K02014
Ramli-MAG.2606
Ramli-MAG.2449
Ramli-MAG.676
Ramli-MAG.2059
Ramli-MAG.3196
Ramli-MAG.1883
Ramli-MAG.1709
Ramli-MAG.866	K18028
Ramli-MAG.1728
Ramli-MAG.887
Ramli-MAG.2270	K02406
Ramli-MAG.2271	K02406
Ramli-MAG.973	K07090
Ramli-MAG.8	K00077
Ramli-MAG.1044	K14742
Ramli-MAG.2868
Ramli-MAG.3742	K07002
Ramli-MAG.558
Ramli-MAG.119
Ramli-MAG.928	K03543
Ramli-MAG.2968
Ramli-MAG.3747
Ramli-MAG.2798
Ramli-MAG.2807	K05520
Ramli-MAG.1739
Ramli-MAG.1797
Ramli-MAG.3065	K00368
Ramli-MAG.868
Ramli-MAG.2450	K03701
Ramli-MAG.3532
Ramli-MAG.3233	K15011
Ramli-MAG.3560
Ramli-MAG.1562
Ramli-MAG.764
Ramli-MAG.1544	K02044
Ramli-MAG.734
Ramli-MAG.3726	K11688
Ramli-MAG.447
Ramli-MAG.1069
Ramli-MAG.2828	K07238
Ramli-MAG.2781
Ramli-MAG.725
Ramli-MAG.547
Ramli-MAG.3819
Ramli-MAG.3598	K00135
Ramli-MAG.3215
Ramli-MAG.2831	K15727
Ramli-MAG.1675
Ramli-MAG.1231
Ramli-MAG.2326	K09810
Ramli-MAG.209
Ramli-MAG.3433
Ramli-MAG.2390
Ramli-MAG.566
Ramli-MAG.3578
Ramli-MAG.1636
Ramli-MAG.2197	K03411
Ramli-MAG.2100
Ramli-MAG.2946
Ramli-MAG.3425
Ramli-MAG.3835	K03286
Ramli-MAG.3796	K12282
Ramli-MAG.1002
Ramli-MAG.2273	K02402
Ramli-MAG.46
Ramli-MAG.3343
Ramli-MAG.3140
Ramli-MAG.2114	K01941
Ramli-MAG.537
Ramli-MAG.3005
Ramli-MAG.720
Ramli-MAG.2529	K09822
Ramli-MAG.2275	K02557
Ramli-MAG.510	K08289
Ramli-MAG.314
Ramli-MAG.3061
Ramli-MAG.3091	K15726
Ramli-MAG.3220
Ramli-MAG.855
Ramli-MAG.185	K13930
Ramli-MAG.1355	K01996
Ramli-MAG.2162
Ramli-MAG.536
Ramli-MAG.2107	K02049
Ramli-MAG.852	K02275
Ramli-MAG.2906
Ramli-MAG.172
Ramli-MAG.3179
Ramli-MAG.2088
Ramli-MAG.53	K00389
Ramli-MAG.171
Ramli-MAG.1195
Ramli-MAG.3099
Ramli-MAG.1476
Ramli-MAG.3134	K09970
Ramli-MAG.445
Ramli-MAG.646	K03760
Ramli-MAG.770
Ramli-MAG.1036	K09780
Ramli-MAG.1210
Ramli-MAG.1942
Ramli-MAG.3355
Ramli-MAG.3834
Ramli-MAG.1348
Ramli-MAG.1299
Ramli-MAG.1808
Ramli-MAG.3461
Ramli-MAG.3354	K12278
Ramli-MAG.694	K03496
Ramli-MAG.210
Ramli-MAG.1485
Ramli-MAG.122
Ramli-MAG.2173
Ramli-MAG.2193	K03408
Ramli-MAG.2339
Ramli-MAG.3307
Ramli-MAG.3048
Ramli-MAG.3225
Ramli-MAG.1895
Ramli-MAG.1234
Ramli-MAG.285
Ramli-MAG.3457
Ramli-MAG.2719
Ramli-MAG.2879
Ramli-MAG.3074	K01995
Ramli-MAG.1429
Ramli-MAG.1896
Ramli-MAG.2960
Ramli-MAG.13	K13408
Ramli-MAG.847
Ramli-MAG.3351
Ramli-MAG.2988
Ramli-MAG.2391
Ramli-MAG.1489
Ramli-MAG.3702
Ramli-MAG.2954	K10439
Ramli-MAG.220	K01502
Ramli-MAG.838
Ramli-MAG.579	K15461
Ramli-MAG.3459
Ramli-MAG.3283
Ramli-MAG.125
Ramli-MAG.3813
Ramli-MAG.2655
Ramli-MAG.1238
Ramli-MAG.2260	K02414
Ramli-MAG.3568
Ramli-MAG.1375
Ramli-MAG.524
Ramli-MAG.9
Ramli-MAG.1123	K18831
Ramli-MAG.1696
Ramli-MAG.2793	K03088
Ramli-MAG.702	K07788
Ramli-MAG.2931
Ramli-MAG.3075	K01998
Ramli-MAG.55
Ramli-MAG.2179	K07746
Ramli-MAG.429
Ramli-MAG.49
Ramli-MAG.2276	K03413
Ramli-MAG.3469
Ramli-MAG.12	K13409
Ramli-MAG.3422	K01154
Ramli-MAG.497	K03581
Ramli-MAG.2888	K12284
Ramli-MAG.3169	K00059
Ramli-MAG.512
Ramli-MAG.3057
Ramli-MAG.2091	K08482
Ramli-MAG.842	K02057
Ramli-MAG.1388
Ramli-MAG.2195	K03776
Ramli-MAG.2256	K02418
Ramli-MAG.2282	K02405
Ramli-MAG.2105	K02051
Ramli-MAG.360
Ramli-MAG.3218
Ramli-MAG.1832
Ramli-MAG.489	K22491
Ramli-MAG.3076	K01997
Ramli-MAG.1292	K09004
Ramli-MAG.1433
Ramli-MAG.681	K08365
Ramli-MAG.839	K01607
Ramli-MAG.1454
Ramli-MAG.1921
Ramli-MAG.570
Ramli-MAG.1717	K12132
Ramli-MAG.2742
Ramli-MAG.3293
Ramli-MAG.1877
Ramli-MAG.2671
Ramli-MAG.849
Ramli-MAG.320
Ramli-MAG.3082	K03519
Ramli-MAG.3436
Ramli-MAG.222
Ramli-MAG.569	K00641
Ramli-MAG.672
Ramli-MAG.3713	K06145
Ramli-MAG.3516
Ramli-MAG.857	K07028
Ramli-MAG.762
Ramli-MAG.1395
Ramli-MAG.2950
Ramli-MAG.3068	K07234
Ramli-MAG.191
Ramli-MAG.1472
Ramli-MAG.2129
Ramli-MAG.23	K03392
Ramli-MAG.2965
Ramli-MAG.2196	K00575
Ramli-MAG.45
Ramli-MAG.1521
Ramli-MAG.3055	K01537
Ramli-MAG.2178
Ramli-MAG.2267	K02423
Ramli-MAG.208
Ramli-MAG.115
Ramli-MAG.3450
Ramli-MAG.200	K01997
Ramli-MAG.3535
Ramli-MAG.561	K04564
Ramli-MAG.2113	K09967
Ramli-MAG.2957
Ramli-MAG.111
Ramli-MAG.224
Ramli-MAG.359
Ramli-MAG.1495
Ramli-MAG.1378
Ramli-MAG.1578
Ramli-MAG.1887	K21395
Ramli-MAG.3596
Ramli-MAG.803
Ramli-MAG.1363
Ramli-MAG.1989
Ramli-MAG.680	K08363
Ramli-MAG.3205	K07402
Ramli-MAG.831
Ramli-MAG.2681
Ramli-MAG.433
Ramli-MAG.3119
Ramli-MAG.2527	K03717
Ramli-MAG.2963
Ramli-MAG.197	K01996
Ramli-MAG.2592	K11712
Ramli-MAG.1422
Ramli-MAG.563	K07240
Ramli-MAG.1229
Ramli-MAG.2359
Ramli-MAG.3331
Ramli-MAG.364	K01998
Ramli-MAG.3245
Ramli-MAG.1490
Ramli-MAG.3692
Ramli-MAG.819	K02672
Ramli-MAG.2189
Ramli-MAG.1185
Ramli-MAG.408
Ramli-MAG.3805
Ramli-MAG.778
Ramli-MAG.175
Ramli-MAG.3060
Ramli-MAG.2109	K01915
Ramli-MAG.69
Ramli-MAG.2800
Ramli-MAG.70	K08995
Ramli-MAG.3686	K11103
Ramli-MAG.3427
Ramli-MAG.1236
Ramli-MAG.3697
Ramli-MAG.882
Ramli-MAG.1661
Ramli-MAG.3187
Ramli-MAG.2335
Ramli-MAG.1411
Ramli-MAG.312
Ramli-MAG.1582
Ramli-MAG.1697	K03281
Ramli-MAG.1262
Ramli-MAG.2804
Ramli-MAG.755
Ramli-MAG.850
Ramli-MAG.3476
Ramli-MAG.2795
Ramli-MAG.2826
Ramli-MAG.3684
Ramli-MAG.3503
Ramli-MAG.984
Ramli-MAG.1886	K10716
Ramli-MAG.1680
Ramli-MAG.2836	K01534
Ramli-MAG.3708
Ramli-MAG.3256	K06137
Ramli-MAG.549
Ramli-MAG.3388
Ramli-MAG.2241
Ramli-MAG.534
Ramli-MAG.206
Ramli-MAG.518
Ramli-MAG.2254	K02420
Ramli-MAG.193
Ramli-MAG.799
Ramli-MAG.1930
Ramli-MAG.2790
Ramli-MAG.2303	K02388
Ramli-MAG.1384	K15977
Ramli-MAG.1654
Ramli-MAG.3242	K01999
Ramli-MAG.3221
Ramli-MAG.367
Ramli-MAG.1211	K00626
Ramli-MAG.3782
Ramli-MAG.3458
Ramli-MAG.1513
Ramli-MAG.1504
Ramli-MAG.2788
Ramli-MAG.2307	K02392
Ramli-MAG.2944
Ramli-MAG.2508
Ramli-MAG.677
Ramli-MAG.1423	K20444
Ramli-MAG.3602
Ramli-MAG.2261	K02413
Ramli-MAG.1659	K07303
Ramli-MAG.2854	K07243
Ramli-MAG.668
Ramli-MAG.384
Ramli-MAG.981
Ramli-MAG.1663	K03885
Ramli-MAG.1287	K07275
Ramli-MAG.2110	K07722
Ramli-MAG.1598	K03790
Ramli-MAG.0
Ramli-MAG.2833
Ramli-MAG.2844
Ramli-MAG.2298
Ramli-MAG.3592
Ramli-MAG.3426
Ramli-MAG.1413
Ramli-MAG.3806
Ramli-MAG.3356
Ramli-MAG.2558	K02654
Ramli-MAG.1807
Ramli-MAG.3794
Ramli-MAG.477
Ramli-MAG.2668	K03776
Ramli-MAG.1227
Ramli-MAG.580
Ramli-MAG.3139	K00363
Ramli-MAG.3240	K01998
Ramli-MAG.3811
Ramli-MAG.1679
Ramli-MAG.3053
Ramli-MAG.548
Ramli-MAG.2835
Ramli-MAG.2151	K01776
Ramli-MAG.3420
Ramli-MAG.163
Ramli-MAG.1191
Ramli-MAG.3451	K12661
Ramli-MAG.2269	K02407
Ramli-MAG.3423	K03427
Ramli-MAG.3466	K02050
Ramli-MAG.1424	K09691
Ramli-MAG.664
Ramli-MAG.3432
Ramli-MAG.1648
Ramli-MAG.54
Ramli-MAG.1510
Ramli-MAG.559
Ramli-MAG.3332	K05712
Ramli-MAG.218
Ramli-MAG.3209	K01755
Ramli-MAG.357
Ramli-MAG.2675	K06049
Ramli-MAG.2493
Ramli-MAG.1350
Ramli-MAG.780
Ramli-MAG.3582
Ramli-MAG.723	K12510
Ramli-MAG.533
Ramli-MAG.1737	K02450
Ramli-MAG.3185
Ramli-MAG.3463	K19837
Ramli-MAG.3118	K02030
Ramli-MAG.2316
Ramli-MAG.3072	K05875
Ramli-MAG.544
Ramli-MAG.1805	K09800
Ramli-MAG.697
Ramli-MAG.3793
Ramli-MAG.2830	K15726
Ramli-MAG.526
Ramli-MAG.3217
Ramli-MAG.816	K08084
Ramli-MAG.3330
Ramli-MAG.2190
Ramli-MAG.2670
Ramli-MAG.1870
Ramli-MAG.1377
Ramli-MAG.3542	K04065
Ramli-MAG.100
Ramli-MAG.3178	K03496
Ramli-MAG.504
Ramli-MAG.1194
Ramli-MAG.3587	K03408
Ramli-MAG.486
Ramli-MAG.2311	K02396
Ramli-MAG.2853	K08982
Ramli-MAG.3590
Ramli-MAG.2843
Ramli-MAG.3810
Ramli-MAG.2174	K02014
Ramli-MAG.116
Ramli-MAG.1300
Ramli-MAG.3241	K01997
Ramli-MAG.564
Ramli-MAG.1809
Ramli-MAG.1946	K00598
Ramli-MAG.3583
Ramli-MAG.2153
Ramli-MAG.2284
Ramli-MAG.3098	K00666
Ramli-MAG.25
Ramli-MAG.3260	K07689
Ramli-MAG.1518
Ramli-MAG.3087
Ramli-MAG.2277	K03414
Ramli-MAG.1935
Ramli-MAG.2164
Ramli-MAG.555
Ramli-MAG.126
Ramli-MAG.2778
Ramli-MAG.2309	K02394
Ramli-MAG.1376
Ramli-MAG.1964	K08086
Ramli-MAG.2357
Ramli-MAG.327
Ramli-MAG.2290
Ramli-MAG.2332
Ramli-MAG.674
Ramli-MAG.476
Ramli-MAG.3263	K02014
Ramli-MAG.409
Ramli-MAG.3186
Ramli-MAG.1730	K02553
Ramli-MAG.3825	K07090
Ramli-MAG.215
Ramli-MAG.1028
Ramli-MAG.3600
Ramli-MAG.244
Ramli-MAG.199	K01998
Ramli-MAG.3584
Ramli-MAG.216
Ramli-MAG.3353	K12276
Ramli-MAG.1393
Ramli-MAG.2943
Ramli-MAG.198	K01995
Ramli-MAG.1291
Ramli-MAG.538	K01737
Ramli-MAG.1127	K07182
Ramli-MAG.2342
Ramli-MAG.3271
Ramli-MAG.818
Ramli-MAG.3736
Ramli-MAG.3175
Ramli-MAG.368
Ramli-MAG.3352
Ramli-MAG.202
Ramli-MAG.804
Ramli-MAG.2245
Ramli-MAG.1420
Ramli-MAG.120
Ramli-MAG.3700
Ramli-MAG.2548	K01995
Ramli-MAG.2548	K01998
Ramli-MAG.3511
Ramli-MAG.3798
Ramli-MAG.3545
Ramli-MAG.708
Ramli-MAG.3138	K00362
Ramli-MAG.3717	K21395
Ramli-MAG.3250	K06867
Ramli-MAG.2246
Ramli-MAG.3056
Ramli-MAG.2182	K07341
Ramli-MAG.2172
Ramli-MAG.2272	K02403
Ramli-MAG.2310	K02395
Ramli-MAG.1390
Ramli-MAG.507
Ramli-MAG.2746
Ramli-MAG.1405	K00992
Ramli-MAG.3593
Ramli-MAG.2855	K01916
Ramli-MAG.845
Ramli-MAG.3703
Ramli-MAG.3173
Ramli-MAG.2823
Ramli-MAG.3337
Ramli-MAG.3682
Ramli-MAG.2975
Ramli-MAG.3809
Ramli-MAG.2917
Ramli-MAG.2748
Ramli-MAG.1909
Ramli-MAG.2572	K02673
Ramli-MAG.3211
Ramli-MAG.931
Ramli-MAG.179
Ramli-MAG.1519
Ramli-MAG.430
Ramli-MAG.346
Ramli-MAG.2130
Ramli-MAG.478
Ramli-MAG.3174
Ramli-MAG.2308	K02393
Ramli-MAG.42
Ramli-MAG.1514
Ramli-MAG.3722
Ramli-MAG.1113
Ramli-MAG.1242
Ramli-MAG.3282
Ramli-MAG.313
Ramli-MAG.1574
Ramli-MAG.2040	K02494
Ramli-MAG.841	K02057
Ramli-MAG.467	K03829
Ramli-MAG.3496
Ramli-MAG.2324	K02005
Ramli-MAG.1301
Ramli-MAG.3267	K01652
Ramli-MAG.1581
Ramli-MAG.3226
Ramli-MAG.1973	K15546
Ramli-MAG.2952
Ramli-MAG.1508
Ramli-MAG.1133
Ramli-MAG.2265	K02409
Ramli-MAG.2079	K03406
Ramli-MAG.3815
Ramli-MAG.211
Ramli-MAG.3365	K02847
Ramli-MAG.1806
Ramli-MAG.1349	K00799
Ramli-MAG.431
Ramli-MAG.219
Ramli-MAG.3690
Ramli-MAG.21
Ramli-MAG.481
Ramli-MAG.3349
Ramli-MAG.1335	K01999
Ramli-MAG.3701
Ramli-MAG.1493
Ramli-MAG.2783
Ramli-MAG.2677	K03405
Ramli-MAG.3748
Ramli-MAG.3797
Ramli-MAG.2887
Ramli-MAG.1511
Ramli-MAG.1193
Ramli-MAG.28
Ramli-MAG.2143	K00801
Ramli-MAG.3456
Ramli-MAG.2834	K03271
Ramli-MAG.955
Ramli-MAG.530
Ramli-MAG.1520
Ramli-MAG.3434
Ramli-MAG.1457
Ramli-MAG.1357
